301,225132,2 Cet,
330,225180,9 Cas,
355,225212,3 Cet,
531,144,10 Cas,
677,358,alpha And,
746,432,beta Cas,
841,571,22 And,
910,693,6 Cet,
1086,905,23 And,
1170,1038,7 Cet,
1473,1404,sigma And,
1501,1438,26 And,
1562,1522,iota Cet,
1686,1671,rho And,
1803,1835,9 Cet,
1960,2011,12 Cas,
2100B,-,10B Cet,
2100A,2273,10A Cet,
2343,2629,11 Cet,
2353,2637,12 Cet,
2355,2628,28 And,
2474,2729,13 Cas,
2505B,2772,lambda B Cas,
2505A,2772,lambda A Cas,
2599,2905,kappa Cas,
2707A,3038,16A Cas,
2707B,-,16B Cas,
2762A,3196,13A Cet,
2762B,3196,13B Cet,
2787,3229,14 Cet,
2920,3369,zeta Cas,
2994,3512,15 Cet,
3031,3546,epsilon And,
3092,3627,delta And,
3179,3712,alpha Cas,
3231,3817,32 And,
3300,3901,xi Cas,
3414,4058,pi Cas,
3419,4128,beta Cet,
3455,4188,phi 1,Cet
3504,4180,omicron Cas,
3559,4307,18 Cet,
3572,4161,21 Cas,
3693,4502,zeta And,
3721,4382,23 Cas,
3801,4636,nu Cas,
3821B,4614,eta BCas,
3821A,4614,eta A Cas,
3881,4727,nu And,
3909,4813,phi 2 Cet,
4147,5112,20 Cet,
4257,5268,21 Cet,
4288A,5286,36 A And,
4288B,5286,36 B And,
4292,5234,upsilon 1 Cas,
4371,5437,phi 3 Cet,
4422,5395,upsilon 2 Cas,
4427,5394,gamma Cas,
4436,5448,mu And,
4463,5516,eta And,
4587,5722,phi 4 Cet,
4903,6116,39 And,
4914,6203,25 Cet,
4979,6288,26 Cet,
5121,6482,27 Cet,
5164,6530,28 Cet,
5296,6706,30 Cet,
5315,6734,29 Cet,
5317,6658,41 And,
5336,6582,mu Cas,
5364,6805,eta Cet,
5434A,6811,phi A And,
5434B,6811,phi B And,
5447,6860,beta And,
5485,6976,32 Cet,
5493,6920,44 And,
5510,7014,33 Cet,
5518,6829,31 Cas,
5542,6961,theta Cas,
5550,7019,45 And,
5589,6972,32 Cas,
5594,7147,34 Cet,
5646,7218,35 Cet,
5666,7268,36 Cet,
5799,7439,37 Cet,
5833,7476,38 Cet,
5951,7672,39 Cet,
5985,7727,40 Cet,
6048,7812,41 Cet,
6226,8036,42 Cet,
6242,7927,phi Cas,
6312,8003,35 Cas,
6411,8207,xi And,
6429,8335,43 Cet,
6514,8374,47 And,
6537,8512,theta Cet,
6539,8511,44 Cet,
6670,8705,46 Cet,
6686,8538,delta,Cas
6692,8491,psi Cas,
6748,8829,47 Cet,
6813,8799,omega And,
6960,9132,48 Cet,
6999,9057,49 And,
7078,9021,38 Cas,
7294,9408,chi Cas,
7345,9672,49 Cet,
7450,9856,50 Cet,
7513,9826,upsilon And,
7607,9927,51 And,
7650,9774,40 Cas,
7719,10072,chi And,
7818,10205,tau And,
7965,10221,43 Cas,
8016,10250,42 Cas,
8046,10425,44 Cas,
8102,10700,tau Cet,
8387,10982,4 Ari,
8497,11171,chi Cet,
8544,11155,1B Ari,
8544,11154,1A Ari,
8645,11353,zeta Cet,
8814,11428,55 And,
8832B,11502,gamma 1 Ari,
8832A,11503,gamma 2 Ari,
8886,11415,epsilon Cas,
8903,11636,beta Ari,
8993,11763,7 Ari,
9001,11727,56B And,
9009,11529,omega,Cas
9021,11749,56A And,
9061,11930,56 Cet,
9110,11909,iota Ari,
9153,11973,lambda Ari,
9165B,12020,58B Cet,
9165A,12020,58A Cet,
9326,12255,57 Cet,
9347,12274,upsilon Cet,
9480B,12111,48B Cas,
9480A,12111,48A Cas,
9564,12279,52 Cas,
9573,12301,53 Cas,
9589,12573,60 Cet,
9598,12216,50 Cas,
9621B,12558,10B Ari,
9621A,12558,10A Ari,
9631,12641,61 Cet,
9640A,12533,gamma 1 And,
9640C,12534,gamma 2C And,
9640B,12534,gamma 2B And,
9727,12230,47 Cas,
9763,12339,49 Cas,
9802,12441,51 Cas,
9836,12869,kappa Ari,
9859,12885,11 Ari,
9884,12929,alpha Ari,
9977,13041,58 And,
10031,12800,54 Cas,
10033,13228,62 Cet,
10053,13174,14 Ari,
10155,13325,15 Ari,
10176,13294,59 A And,
10180,13295,59 B And,
10203,13363,16 Ari,
10212,13421,64 Cet,
10234,13468,63 Cet,
10303,13612,66 B Cet,
10305,13612,66 A Cet,
10306,13555,eta Ari,
10324,13611,x 1 Cet,
10328,13596,19 Ari,
10340,13520,60 And,
10438,13474,55 Cas,
10535A,13872,21 A Ari,
10535B,13872,21 A Ari,
10540,13871,20 Ari,
10642,14129,67 Cet,
10732,14191,theta Ari,
10810,14305,23 Ari,
10819,14212,62 And,
10826,14386,omicron Cet,
10944,14392,63 And,
11021,14652,69 Cet,
11046,14690,70 Cet,
11220,14770,64 And,
11249,14951,xi Ari,
11261,15004,71 Cet,
11313,14872,65 And,
11345,15130,rho Cet,
11465,15138,66 And,
11484,15318,xi 2 Cet,
11569A,15089,iota A Cas,
11569B,15089,iota B Cas,
11678,15550,26Ari,
11698,15596,27Ari,
11783,15798,sigma Cet,
11791,15779,75 et,
11843,15814,29 Ari,
12002,16074,77 Cet,
12048,16141,79 Cet,
12093,16161,nu Cet,
12107,16212,80 Cet,
12153,16234,31 Ari,
12184,16232,30B Ari,
12189,16246,30A Ari,
12247,16400,81 Cet,
12332,16432,nu Ari,
12387,16582,delta Cet,
12390B,16620,epsilon B Cet,
12390A,16620,epsilon A Cet,
12489,16628,33 Ari,
12530B,16765,84B Cet,
12530A,16765,84A Cet,
12640,16811,mu Ari,
12706A,16970,gamma Cet,
12719,16908,35 Ari,
12770,17081,pi Cet,
12784,17017,36 Ari,
12803,17036,omicron Ari,
12828,17094,mu Cet,
12832,17093,38 Ari,
13061,17361,39 Ari,
13108,17459,40 Ari,
13165A,17543,pi A Ari,
13165B,17543,pi B Ari,
13209,17573,41 Ari,
13327,17769,sigma Ari,
13579,18091,44 Ari,
13654,18191,45 Ari,
13702,18256,rho Ari,
13834,18404,47 Ari,
13914B,18519,epsilon B Ari,
13914A,18520,epsilon A Ari,
13954,18604,lambda Cet,
14021A,18654,50 A Ari,
14021B,18654,50 B Ari,
14109,18769,49 Ari,
14135,18884,alpha Cet,
14143,18883,93 Cet,
14150,18803,51 Ari,
14376A,19134,52 A Ari,
14376B,19135,52 B Ari,
14514,19374,53 Ari,
14586,19460,54 Ari,
14677,19548,55 Ari,
14838,19787,delta Ari,
14954,19994,94 Cet,
15110,20150,zeta Ari,
15383A,20559,95A Cet,
15383B,20559,95B Cet,
15457,20630,kappa Cet,
15514,20618,59 Ari,
15547,19978,47 Cep,
15557,20663,60 Ari,
15619,20791,97 Cet,
15627B,20756,tau B Ari,
15627A,20756,tau A Ari,
15696,20825,62 Ari,
15737B,-,63B Ari,
15737A,20893,63A Ari,
15861,21017,64 Ari,
15870,21050,65 Ari,
16181A,21467,66A Ari,
16181B,21467,66B Ari,
17959,23401,gamma Cam,
21060,28873,delta Cae,
21148B,28446,1B Cam,
21148A,28446,1A Cam,
21727,29317,3 Cam,
21730C,29316,2C Cam,
21730A,29316,2A Cam,
21730B,29316,2B Cam,
21770,29875,alpha Cae,
21861,29992,beta Cae,
22280,30608,zeta Cae,
22287,30121,4 Cam,
22453,30504,1 Aur,
22488,30985,nu Cae,
22678,30834,2 Aur,
22783,30614,alpha Cam,
22854,30958,5 Cam,
22994,31189,6 Cam,
23015,31398,iota Aur,
23040B,31278,7B Cam,
23040A,31278,7A Cam,
23179A,31647,omega A Aur,
23179B,-,omega B Aur,
23216,31579,8 Cam,
23261B,31761,5B Aur,
23261A,31761,5A Aur,
23268,31780,6 Aur,
23416,31964,epsilon Aur,
23453,32068,zeta Aur,
23522,31910,beta Cam,
23595,23831,gamma B Cae,
23595,23831,gamma A Cae,
23734,32343,11 Cam,
23743,32357,12 Cam,
23767,32630,eta Aur,
23783,32537,9 Aur,
24340,33641,mu Aur,
24348,33296,14 Cam,
24504,33959,14 Aur,
24608,34029,alpha Aur,
24659,34642,omicron Col,
24727,34334,16 Aur,
24740,34364,17 Aur,
24813,34411,lambda Aur,
24832,34499,18 Aur,
24836,34233,15 Cam,
24879,34578,19 Aur,
25048,34759,rho Aur,
25192,35076,22 Aur,
25197,34787,16 Cam,
25292,35186,sigma Aur,
25541,35620,phi Aur,
25769,35583,17 Cam,
25859,36597,epsilon Col,
25973,36066,18 Cam,
25984,36371,chi Aur,
26408A,36570,19A Cam,
26408B,36570,19B Cam,
26412,37430,nu 1 Col,
26426,36770,20 Cam,
26460,37495,nu 2 Col,
26536C,37269,26C Aur,
26536B,37269,26B Aur,
26536A,37269,26A Aur,
26587,37070,22 Cam,
26634,37795,alpha Col,
26700,37136,21 Cam,
26942,37601,24 Cam,
27046,37638,23 Cam,
27196,38104,omicron Aur,
27204,38666,mu Col,
27249,38091,26 Cam,
27283,38129,28 Cam,
27458,38604,28 Aur,
27483,38656,tau Aur,
27592,38618,29 Cam,
27628,39425,beta Col,
27639,38944,upsilon Aur,
27673,39003,nu Aur,
27731,38831,30 Cam,
27810,39764,lambda Col,
27949,39283,xi Aur,
27971,39220,31 Cam,
28010,40176,xi Col,
28098,40248,sigma Col,
28199,40494,gamma Col,
28328,40808,eta Col,
28358,40035,delta Aur,
28360,40183,beta Aur,
28380,40312,theta Aur,
28404,40239,pi Aur,
28499,40394,36 Aur,
28677,40801,38 Aur,
28823,41074,39 Aur,
28946,41357,40 Aur,
28957,42078,pi 1 Col,
29034,42167,theta Col,
29064,42303,pi 2 Col,
29246,41597,37 Cam,
29315,41783,38 Cam,
29348,41782,39 Cam,
29388A,42127,41A Aur,
29388B,42126,41B Aur,
29490,41927,36 Cam,
29696,43039,kappa Aur,
29730,42633,40 Cam,
29807,43785,kappa Col,
29884,43244,42 Aur,
29949,43380,43 Aur,
30122,44402,zeta CMa,
30247,43905,45 Aur,
30277,44762,delta Col,
30324,44743,beta CMa,
30438,45348,alpha Car,
30520,44537,psi 1 Aur,
30788,45813,lambda CMa,
30827,45412,48 Aur,
30972,45466,47 Aur,
31125,46328,xi 1 CMa,
31416,46933,xi 2 CMa,
31434,46553,49 Aur,
31560,47138,nu 1 B CMa,
31564,47138,nu 1 A CMa,
31592,47205,nu 2 CMa,
31700A,47442,nu 3A CMa,
31737A,47152,53A Aur,
31771,47070,51 Aur,
31789,47100,psi 3 Aur,
31832,47174,psi 2 Aur,
31852A,47395,54A Aur,
31852B,47395,54B Aur,
31944,47005,41 Cam,
32173,47914,psi 4 Aur,
32292,48917,10 CMa,
32349,48915,alpha CMa,
32480,48682,psi 5 Aur,
32492,49229,11 CMa,
32504,49333,12 CMa,
32562,48781,psi 6 Aur,
32759,50013,kappa CMa,
32844,49520,psi 7 Aur,
32864,48879,42 Cam,
33041,50018,59 Aur,
33064A,50037,60A Aur,
33092,50707,15 CMa,
33104,49340,43 Cam,
33133,50204,psi 8 Aur,
33152,50877,omicron 1 CMa,
33160,50778,theta CMa,
33248,51055,17 CMa,
33302,51199,pi CMa,
33345B,51251,mu B CMa,
33345A,51250,mu A CMa,
33347,51309,iota CMa,
33377,50658,psi 9 Aur,
33579,52089,epsilon CMa,
33614,51440,62 Aur,
33856,52877,sigma CMa,
33977,53138,omicron 2 CMa,
34045,53244,gamma CMa,
34444,54605,delta CMa,
34752,54716,63 Aur,
34798,55522,26 CMa,
34981A,56014,27A CMa,
34981B,56014,27B CMa,
35037,56139,omega CMa,
35341,56221,64 Aur,
35412,57060,29 CMa,
35415,57061,tau CMa,
35710,57264,65 Aur,
35735B,56820,47B Cam,
35735A,56820,47A Cam,
35904,58350,eta CMa,
35907,57669,66 Aur,
35987,58187,1 CMi,
36041,58367,epsilon CMi,
36188,58715,beta CMi,
36265,58923,eta CMi,
36284,58972,gamma CMi,
36425,59294,6 CMi,
36641,59881,delta 1 CMi,
36723,60111,delta 2 CMi,
36812,60357,delta 3 CMi,
37279,61421,alpha CMi,
37921,62832,11 CMi,
37934,62140,49 Cam,
37949,62066,51 Cam,
38373,63975,zeta CMi,
38827,65575,chi Car,
38848,64960,1 Cnc,
38962,65345,14 CMi,
39177,65759,3 Cnc,
39191,65714,omega Cnc,
39236,65873,5 Cnc,
39261,65339,53 Cam,
39263,65856,4 Cnc,
39447,66347,7 Cnc,
39567,66664,8 Cnc,
39659,66875,9 Cnc,
39780,67228,mu Cnc,
39874,67483,12 Cnc,
39888B,67402,11B Cnc,
39888A,67402,11A Cnc,
40007,67690,13 Cnc,
40023,67767,psi Cnc,
40167C,68255,zeta 1C Cnc,
40167A,68257,zeta 1A Cnc,
40167B,68256,zeta 2 Cnc,
40240,68351,15 Cnc,
40526,69267,beta Cnc,
40702,71243,alpha Cha,
40843,69897,chi Cnc,
40881,70011,lambda Cnc,
40888,71701,theta Cha,
41037A,71129,epsilon A Car,
41037B,-,epsilon B Car,
41117,70569,20 Cnc,
41163B,70734,21B Cnc,
41163A,70734,21A Cnc,
41319,71030,25 Cnc,
41377,71093,phi 1 Cnc,
41389A,71152,24A Cnc,
41389BC,71153,24BC Cnc,
41400,71250,27 Cnc,
41404B,71150,phi 2B Cnc,
41404A,71151,phi 2A Cnc,
41574,71496,28 Cnc,
41578,71555,29 Cnc,
41816,72041,upsilon 1 Cnc,
41822,72094,theta Cnc,
41904,72359,34 Cnc,
41909,72292,eta Cnc,
41940,72324,upsilon 2 Cnc,
42133,72779,35 Cnc,
42265,73143,36 Cnc,
42353,73316,37 Cnc,
42485,73575,38 Cnc,
42516,73665,39 Cnc,
42523,73666,40 Cnc,
42556,73731,epsilon Cnc,
42578,73785,42 Cnc,
42637,75416,eta Cha,
42795,74228,45 Cnc,
42806,74198,gamma Cnc,
42911,74442,delta Cnc,
42917,74521,49 Cnc,
42954,74485,46 Cnc,
43100,74738,iota B Cnc,
43103,74739,iota A Cnc,
43121,74873,50 Cnc,
43454,75528,54 Cnc,
43463,75558,52 Cnc,
43575,75716,53 Cnc,
43584,75698,sigma 1 Cnc,
43587,75732,rho 1 Cnc,
43721B,75959,57B Cnc,
43721A,75959,57A Cnc,
43834,76219,rho 2 Cnc,
43851,76351,60 Cnc,
43932,76398,sigma 2 Cnc,
43937,77002,beta 1 Car,
43970,76543,omicron 1 Cnc,
44001,76582,omicron 2 Cnc,
44031,76572,61 Cnc,
44066,76756,alpha Cnc,
44143,77370,beta 2 Car,
44154,76813,sigma 3 Cnc,
44307A,77104,sigma 4A Cnc,
44307B,77104,sigma 4B Cnc,
44336,77230,68 Cnc,
44342,77190,67 Cnc,
44405,77350,nu Cnc,
44512,77557,70 Cnc,
44637,77892,71 Cnc,
44798,78316,kappa Cnc,
44818,78235,tau Cnc,
44892,78418,75 Cnc,
44918,78479,78 Cnc,
44946,78515,xi Cnc,
45033,78715,79 Cnc,
45153,79009,80 Cnc,
45170,79096,81 Cnc,
45238,80007,beta Car,
45410,79554,pi Cnc,
45496,80230,gamma Car,
45556,80404,iota Car,
45699,80218,83 Cnc,
45856,81101,kappa Car,
46107,82554,iota Cha,
46515,82150,epsilon Ant,
46657B,82383,zeta 1B Ant,
46657A,82384,zeta 1A Ant,
46734,82513,zeta 2 Ant,
46928,83979,zeta Cha,
47758,84367,theta Ant,
47956,85396,nu Cha,
48002A,85123,upsilon A Car,
48002B,85124,upsilon B Car,
48926,86629,eta Ant,
49065,87971,mu 1 Cha,
49326,88351,mu 2 Cha,
50099,89080,omega Car,
51172,90610,alpha Ant,
51376B,-,delta B Ant,
51376A,90972,delta A Ant,
51839,92305,gamma Cha,
52419,93030,theta Car,
--,93308,eta Car,
52595A,93779,delta 1A Cha,
52595B,-,delta 1B Cha,
52633,93845,delta 2 Cha,
53502,94890,iota Ant,
53740,95272,alpha Crt,
54682,97277,beta Crt,
54742,97411,psi Crt,
55282,98430,delta Crt,
55425A,98718,pi A Cen,
55425B,98718,pi B Cen,
55598,98991,lambda Crt,
55687,99167,epsilon Crt,
55705,99211,gamma Crt,
55874,99564,kappa Crt,
56243,100261,omicron 1 Cen,
56250,100262,omicron 2 Cen,
56561,100841,lambda Cen,
56633,100889,theta Crt,
56675,101132,pi Cha,
56802,101198,iota Crt,
57283A,102070,zeta A Crt,
57283B,-,zeta B Crt,
58188,103632,eta Crt,
58484B,104174,epsilon B Cha,
58484A,104174,epsilon A Cha,
58661,104452,1 Com,
58758,104671,theta 1 Cru,
58858B,104827,2B Com,
58858A,104827,2A Com,
58867,104841,theta 2 Cru,
58905,104902,kappa Cha,
59072,105211,eta Cru,
59196,105435,delta Cen,
59199,105452,alpha Crv,
59316,105707,epsilon Crv,
59352,105778,3 Com,
59394,105850,3 Crv,
59449,105937,rho Cen,
59468,105981,4 Com,
59501,106057,5 Com,
59747,106490,delta Cru,
59803,106625,gamma Crv,
59819,106661,6 Com,
59827,106690,2 CVn,
59847,106714,7 Com,
60000,106911,beta Cha,
60009,106983,zeta Cru,
60087,107168,8 Com,
60098,107213,9 Com,
60122,107274,3 CVn,
60123,107276,10 Com,
60189,107348,zeta Crv,
60202,107383,11 Com,
60260,107446,epsilon Cru,
60351,107700,12 Com,
60425,107815,6 Crv,
60467,107904,4 CVn,
60485,107950,5 CVn,
60514,107966,13 Com,
60646,108225,6 CVn,
60697,108283,14 Com,
-,108250,alpha C Cru,
60718A,108248,alpha 1 Cru,
60718B,108249,alpha 2 Cru,
60742,108381,gamma Com,
60746,108382,16 Com,
60823,108483,sigma Cen,
60855,108541,upsilon Cen,
60891,108651,17BC Com,
60904,108662,17A Com,
60941,108722,18 Com,
60957,108765,20 Com,
60965,108767,delta Crv,
60988,108845,7 CVn,
61071,108945,21 Com,
61084,108903,gamma A Cru,
-,108925,gamma B Cru,
61174,109085,eta Crv,
61295,109307,22 Com,
61317,109358,beta CVn,
61359,109379,beta Crv,
61394B,109485,23BCom,
61394A,109485,23A Com,
61415,109510,24B Com,
61418,109511,24A Com,
61571,109742,25 Com,
61622,109787,tau Cen,
61692,109980,9 CVn,
61724,110024,26 Com,
61932B,110304,gamma B Cen,
61932A,110304,gamma A Cen,
62207,110897,10 CVn,
62268,110829,iota Cru,
62356,111067,27 Com,
62434,111123,beta Cru,
62478,111308,28 Com,
62516,111421,11 CVn,
62541,111397,29 Com,
62576,111469,30 Com,
62763,111812,31 Com,
62807,111862,32 Com,
62819,111892,33 Com,
62886A,112033,35A Com,
62886B,112033,35B Com,
62931,111973,kappa Cru,
63003,112092,mu 1 Cru,
63005,112091,mu 2 Cru,
63007,112078,lambda Cru,
63121,112412,alpha 1 CVn,
63125,112413,alpha 2 CVn,
63355,112769,36 Com,
63462A,112989,37A Com,
63462C,-,37C Com,
63533,113095,38 Com,
63724,113314,xi 1 Cen,
63901,113797,14 CVn,
63948B,113848,39B Com,
63948A,113848,39A Com,
63950,113866,40 Com,
64004,113791,xi 2 Cen,
64022,113996,41 Com,
64217,114376,15 CVn,
64241,114378,alpha A Com,
--,114379,alpha B Com,
64244,114427,16 CVn,
64246,114447,17 CVn,
64355,114674,18 CVn,
64394,114710,beta Com,
64692A,115271,19A CVn,
64692B,-,19B CVn,
64844,115604,20 CVn,
64906,115735,21 CVn,
65072,116010,23 CVn,
65109,115892,iota Cen,
66234,118232,24 CVn,
66458A,118623,25A CVn,
66458B,118623,25B CVn,
66657,118716,epsilon Cen,
66727A,119055,1A Boo,
66727B,-,1B Boo,
66763,119126,2 Boo,
67153,119756,1 Cen,
67239,120064,3 Boo,
67275,120136,tau Boo,
67457,120323,2 Cen,
67459,120477,upsilon Boo,
67464,120307,nu Cen,
67472,120324,mu Cen,
67480,120539,6 Boo,
67669A,120709,3A Cen,
67669B,120710,3B Cen,
67786B,-,4B Cen,
67786A,120955,4A Cen,
67787,121107,7 Boo,
67927,121370,eta Boo,
68002,121263,zeta Cen,
68103,121710,9 Boo,
68245,121743,phi Cen,
68276,121996,10 Boo,
68282,121790,upsilon 1 Cen,
68478,122405,11 Boo,
68523,122223,upsilon 2 Cen,
68702B,122451,beta B Cen,
68702A,122451,beta A Cen,
68815,122250,theta Aps,
68862,122980,chi Cen,
68933,123139,theta Cen,
69068,123782,13 Boo,
69226,123999,12 Boo,
69481,124674,kappa 1 Boo,
69483,124675,kappa 2 Boo,
69536,124570,14 Boo,
69612A,124679,15A Boo,
69612B,124679,15B Boo,
69673B,124897,alpha B Boo,
69713,125161,iota Boo,
69732,125162,lambda Boo,
69896,123998,eta Aps,
69989,125451,18 Boo,
70027,125560,20 Boo,
70090,125473,psi Cen,
70248,124771,epsilon Aps,
70497,126660,theta Boo,
70602,126661,22 Boo,
70791,127243,24 Boo,
70890,----,alpha C Cen,
71053,127665,rho Boo,
71075,127762,gamma Boo,
71115,127739,26 Boo,
71284,128167,sigma Boo,
71352,127972,eta Cen,
71618,129002,33 Boo,
71681,128621,alpha 2 Cen,
71683,128620,alpha 1 Cen,
71762A,129174,pi 1 Boo,
71762B,129175,pi 2 Boo,
71795A,129247,zeta A Boo,
71795B,129246,zeta B Boo,
71832,129312,31 Boo,
71837,129336,32 Boo,
71908,128898,alpha Cir,
71995,129712,34 Boo,
72105A,129989,epsilon A Boo,
72105B,129988,epsilon B Boo,
72125,129972,omicron Boo,
72370,129078,alpha Aps,
72487,130945,38 Boo,
72524A,131041,39A Boo,
72524B,131041,39B Boo,
72659A,131156,xi A Boo,
72659B,131156,xi B Boo,
72965,131058,zeta Cir,
73129,131492,theta Cir,
73334A,132200,kappa A Cen,
73334C,-,kappa C Cen,
73369,132772,40 Boo,
69673A,124897,alpha A Boo,
73555,133208,beta Boo,
73568,133124,omega Boo,
73745,133582,psi Boo,
73776,132905,eta Cir,
73841,133962,47 Boo,
73996,134083,45 Boo,
74087,134320,46 Boo,
74596,135502,chi Boo,
74666,135722,delta Boo,
74778,135240,delta Cir,
74824,135379,beta Cir,
74837,135291,epsilon Cir,
75049,136512,omicron CrB,
75178,136849,50 Boo,
75312A,137107,eta A CrB,
75312B,137108,eta B CrB,
75323A,136415,gamma A Cir,
75323B,136416,gamma B Cir,
75411,137391,mu 1 Boo,
75415B,137392,mu 2B Boo,
75415C,-,mu 2C Boo,
75695,137909,beta CrB,
75973,138481,nu 1 Boo,
76013,137387,kappa 1 Aps,
76041,138629,nu 2 Boo,
76127A,138749,theta A CrB,
76267,139006,alpha CrB,
76307,139153,mu CrB,
76534,139641,phi Boo,
76669B,139891,zeta 1 CrB,
76669A,139892,zeta 2 CrB,
76750,138800,kappa 2 Aps,
76952A,140436,gamma A CrB,
76952B,140436,gamma B CrB,
77048,140716,pi CrB,
77512,141714,delta CrB,
77655,142091,kappa CrB,
78012,142908,lambda CrB,
78159,143107,epsilon CrB,
78459,143761,rho CrB,
78493,143807,iota CrB,
79119,145328,tau CrB,
79607B,146362,sigma B CrB,
79607A,146361,sigma A CrB,
79757,146738,upsilon CrB,
80047,145366,delta 1 Aps,
80057,145388,delta 2 Aps,
80181,147677,xi CrB,
80197,147749,nu 1 CrB,
80214,147767,nu 2 CrB,
81065,147675,gamma Aps,
81852,149324,beta Aps,
82363,151249,eta Ara,
83081,152786,zeta Ara,
83153,152980,epsilon 1 Ara,
83431,153580,epsilon 2 Ara,
84969,156277,zeta Aps,
84979B,156190,iota B Aps,
84979A,156190,iota A Aps,
85079,157042,iota Ara,
85258,157244,beta Ara,
85267,157246,gamma Ara,
85312,157457,kappa Ara,
85727,158094,delta Ara,
85792,158427,alpha Ara,
86092,159217,sigma Ara,
86305,159492,pi Ara,
86486,160032,lambda Ara,
86796,160691,mu Ara,
88714,165024,theta Ara,
90969,170867,kappa 2 CrA,
90968,170868,kappa 1 CrA,
90982,170845,theta CrA,
91875,172777,lambda CrA,
91975,173370,4 Aql,
92117,173654,5A Aql,
92118,173654,5B Aql,
92226,173540,mu CrA,
92308,173715,eta 1 CrA,
92382,173861,eta 2 CrA,
92501,174532,7 Aql,
92524,174589,8 Aql,
93174,175813,epsilon CrA,
93179,176232,10 Aql,
93203,176303,11 Aql,
93244,176411,epsilon Aql,
93429,176678,12 Aql,
93526,176984,14 Aql,
93542,176638,zeta CrA,
93716,177442,15B Aql,
93717,177463,15A Aql,
93747,177724,zeta Aql,
93805,177756,lambda Aql,
93825A,177474,gamma A CrA,
93825B,177475,gamma B CrA,
93867A,178125,18A Aql,
93867B,-,18B Aql,
94005,177873,delta CrA,
94068,178596,19 Aql,
94114,178253,alpha CrA,
94160,178345,beta CrA,
94385,179406,20 Aql,
94477,179761,21 Aql,
94727,180482,22 Aql,
94779,181276,kappa Cyg,
94834,180868,omega 1 Aql,
94885A,180972,23A Aql,
94885B,180972,23B Aql,
94913,181053,24 Aql,
94982,181333,28 Aql,
95002,181383,omega 2 Aql,
95066,181391,26 Aql,
95073,181440,27 Aql,
95372,182568,2 Cyg,
95447,182572,31 Aql,
95501,182640,delta Aql,
95556,183056,4 Cyg,
95585,182835,nu Aql,
95656,183534,7 Cyg,
95793,183324,35 Aql,
95853,184006,iota Cyg,
95937,183630,36 Aql,
95947A,183912,beta 1A Cyg,
95951,183914,beta 2 Cyg,
96052,184171,8 Cyg,
96229,184406,mu Aql,
96302,184759,9 Cyg,
96327,184492,37 Aql,
96387,185037,11 Cyg,
96441,185395,theta Cyg,
96468,184930,iota Aql,
96483,184915,kappa Aql,
96556,185124,42 Aql,
96665,185507,sigma Aql,
96683,185734,phi Cyg,
96693,185872,14 Cyg,
96807,185762,45 Aql,
96895,186408,16A Cyg,
96901,186427,16B Cyg,
96931,186122,46 Aql,
96957B,186203,chi B Aql,
96957A,186203,chi A Aql,
97118,186675,15 Cyg,
97139,186547,psi Aql,
97165B,186882,delta B Cyg,
97165A,186882,delta A Cyg,
97229,186689,upsilon Aql,
97278,186791,gamma Aql,
97295,187013,17 Cyg,
97473A,187259,pi A Aql,
97473B,187260,pi B Aql,
97629,187796,chi Cyg,
97630,187849,19 Cyg,
97635,188056,20 Cyg,
97650,187532,51 Aql,
97649,187642,alpha Aql,
97675,187691,omicron Aql,
97804,187929,eta Aql,
97870,188665,23 Cyg,
97928,188154,56 Aql,
97938,188310,xi Aql,
97966,188293,57A Aql,
97967,188294,57B Aql,
97980,188350,58 Aql,
98036,188512,beta Aql,
98055B,189037,psi B Cyg,
98055A,189037,psi A Cyg,
98068,188892,22 Cyg,
98103,188728,phi Aql,
98110,188947,eta Cyg,
98425,189687,25 Cyg,
98571,190147,26 Cyg,
98823,190327,tau Aql,
98844,190299,62 Aql,
99031,191026,27 Cyg,
99171,191067,64 Aql,
99255A,192907,kappa A Cep,
99303,191610,28 Cyg,
99473,191692,theta Aql,
99529,191753,xi 1 Cap,
99572,191862,xi 2 Cap,
99631,192107,66 Aql,
99639,192514,30 Cyg,
99655,192696,33 Cyg,
99675,192577,omicron 1A Cyg,
99676,192579,omicron 1C Cyg,
99742,192425,rho Aql,
99770,192640,29 Cyg,
99848,192909,omega 2 Cyg,
99918,192666,3 Cap,
100027,192876,alpha 1 Cap,
100062,192879,4 Cap,
100064,192947,alpha 2 Cap,
100108,193369,36 Cyg,
100122,193370,35 Cyg,
100195,193150,sigma Cap,
100310,193432,nu Cap,
100325A,193452,beta 2A Cap,
100325B,193452,beta 2B Cap,
100345,193495,beta 1 Cap,
100453,194093,gamma Cyg,
100587,194317,39 Cyg,
100859,195068,43 Cyg,
100881A,194636,pi A Cap,
100881B,194636,pi B Cap,
100907,195050,40 Cyg,
100977,194939,68 Aql,
101027A,194943,rho A Cap,
101067,195324,42 Cyg,
101076,195295,41 Cyg,
101093,195725,theta Cep,
101101,195135,69 Aql,
101120,195093,omicron B Cap,
101123,195094,omicron A Cap,
101138,195556,omega 1 Cyg,
101214A,195593,44A Cyg,
101214B,195593,44B Cyg,
101243,195774,omega 2 Cyg,
101474B,196093,47B Cyg,
101474A,196093,47A Cyg,
101692,196321,70 Aql,
101751,196348,13 Cap,
101765,196606,48 Cyg,
101847,196574,71 Aql,
101923B,196662,tau B Cap,
101923A,196662,tau A Cap,
101936,196758,1 Aqr,
101984,196777,upsilon Cap,
102066A,197177,49A Cyg,
102066B,197178,49B Cyg,
102098,197345,alpha Cyg,
102177,197511,51 Cyg,
102253,197950,4 Cep,
102422,198149,eta Cep,
102453,197912,52 Cyg,
102485,197692,psi Cap,
102487,197725,17 Cap,
102488,197989,epsilon Cyg,
102589A,198183,lambda A Cyg,
102589B,198183,lambda B Cyg,
102618,198001,epsilon Aqr,
102624,198026,3 Aqr,
102724,198478,55 Cyg,
102843,198639,56 Cyg,
102945,198571,4B Aqr,
102945,198571,4A Aqr,
102978,198542,omega Cap,
103005,198667,5 Aqr,
103045,198743,mu Aqr,
103089,199081,57 Cyg,
103226,199012,19 Cap,
103401,199345,7 Aqr,
103413A,199629,nu A Cyg,
103616,199728,20 Cap,
103632,200120,59 Cyg,
103640,199828,8 Aqr,
103681,199944,10 Aqr,
103682,199960,11 Aqr,
103703,199947,21 Cap,
103728,200004,9 Aqr,
103732A,200310,60A Cyg,
103981A,200497,12A Aqr,
103981B,200496,12B Aqr,
104019B,200499,eta B Cap,
104019A,200499,eta A Cap,
104060,200905,xi Cyg,
104139,200761,theta Cap,
104194,201251,63 Cyg,
104214,201091,61A Cyg,
104217,201092,61B Cyg,
104234,200914,24 Cap,
104365,201184,chi Cap,
104429,201301,26 Cap,
104452,201352,27 Cap,
104459,201381,nu Aqr,
104732,202109,zeta Cyg,
104887A,202444,tau A Cyg,
104963,202320,phi Cap,
104974,202369,29 Cap,
105019,202466,14 Aqr,
105102,202850,sigma Cyg,
105138,202904,upsilon Cyg,
105143,202671,30 Cap,
105164,202753,15 Aqr,
105168,202723,31 Cap,
105186,203064,68 Cyg,
105199,203280,alpha Cep,
105268,203467,6 Cep,
105412,203222,16 Aqr,
105515,203387,iota Cap,
105574,203525,17 Aqr,
105665,203638,33 Cap,
105668,203705,18 Aqr,
105729,203843,20 Aqr,
105761,203875,19 Aqr,
105767,203926,21 Aqr,
105811,204172,69 Cyg,
105881,204075,zeta Cap,
105928,204139,35 Cap,
105942,204403,70 Cyg,
105972,204770,7 Cep,
106032,205021,beta Cep,
106039,204381,36 Cap,
106093,204771,71 Cyg,
106278,204867,beta Aqr,
106481,205435,rho Cyg,
106551,205512,72 Cyg,
106559,205289,37 Cap,
106568,205306,38 Cap,
106711,205835,74 Cyg,
106723,205637,epsilon Cap,
106786,205767,xi Aqr,
106801,206165,9 Cep,
106942B,206058,24B Aqr,
106942A,206058,24A Aqr,
106944,206067,25 Aqr,
106985,206088,gamma Cap,
106999,206330,75 Cyg,
107095,206301,42 Cap,
107097,206538,76 Cyg,
107119,206952,11 Cep,
107128,206356,41 Cap,
107136,206672,pi 1 Cyg,
107144,206445,26 Aqr,
107162A,206644,77A Cyg,
107188,206453,kappa Cap,
107232,206561,44 Cap,
107253,206774,79 Cyg,
107259,206936,mu Cep,
107302,206677,45 Cap,
107310B,206827,mu 2 Cyg,
107310A,206826,mu 1 Cyg,
107382,206834,46 Cap,
107418,207260,nu Cep,
107487,207005,47 Cap,
107517,207052,lambda Cap,
107527,207061,50 Cap,
107533A,207330,pi 2A Cyg,
107556,207098,delta Cap,
107586,207528,12 Cep,
108036,207958,mu Cap,
108165,208501,13 Cep,
108535,209369,16 Cep,
108691,209128,28 Aqr,
108772,209481,14 Cep,
108797A,209278,29A Aqr,
108868,209396,30 Aqr,
108874,209409,omicron Aqr,
108917B,209791,xi B Cep,
108917A,209790,xi A Cep,
108924,209772,18 Cep,
108925,209744,15 Cep,
108991,209625,32 Aqr,
109005,209960,20 Cep,
109017,209975,19 Cep,
109074,209750,alpha Aqr,
109139,209819,iota Aqr,
109332,210191,35 Aqr,
109369,210269,36 Aqr,
109400,210807,24 Cep,
109460,210422,37 Aqr,
109472,210424,38 Aqr,
109492,210745,zeta Cep,
109556,210839,lambda Cep,
109624B,210705,39B Aqr,
109624A,210705,39A Aqr,
109720,210845,40 Aqr,
109786A,210960,41A Aqr,
109786B,-,41B Aqr,
109857,211336,epsilon Cep,
110000,211361,42 Aqr,
110003,211391,theta Aqr,
110023,211434,44 Aqr,
110103,211833,25 Cep,
110179,211676,45 Aqr,
110273,211838,rho Aqr,
110391,212010,47 Aqr,
110395,212061,gamma Aqr,
110529,212271,49 Aqr,
110578,212404,51 Aqr,
110602,212430,50 Aqr,
110672,212571,pi Aqr,
110778B,212697,53B Aqr,
110778A,212698,53A Aqr,
110786,212741,54 Aqr,
110787,213403,28 Cep,
110817,213087,26 Cep,
110960B,213051,zeta 1 Aqr,
110960A,213052,zeta 2 Aqr,
110991,213307,delta C Cep,
110991,213306,delta A Cep,
111056,213798,rho Cep,
111086,213236,56 Aqr,
111123A,213320,sigma A Aqr,
111200,213464,58 Aqr,
111394,213789,60 Aqr,
111449,213845,upsilon Aqr,
111497,213998,eta Aqr,
111532,214470,31 Cep,
111539,214028,61 Aqr,
111710,214376,kappa Aqr,
111797,214734,30 Cep,
111843,214572,64 Aqr,
112161,215097,65 Aqr,
112179,215143,67 Aqr,
112211,215167,66 Aqr,
112529,215721,68 Aqr,
112542,215766,tau 1 Aqr,
112615,215874,70 Aqr,
112716,216032,tau 2 Aqr,
112724,216228,iota Cep,
112813,216182,72 Aqr,
112961,216386,lambda Aqr,
113031,216494,74 Aqr,
113085,216567,75 Aqr,
113127,216637,78 Aqr,
113136,216627,delta Aqr,
113148,216640,77 Aqr,
113674,217531,81 Aqr,
113726A,217675,omicron A And,
113726B,217675,omicron B And,
113781,217701,82 Aqr,
113788A,217782,2A And,
113919,218031,3 And,
113996B,218060,83B Aqr,
113996A,218060,83A Aqr,
114006,218081,84 Aqr,
114054,218173,85 Aqr,
114104,218376,1 Cas,
114119,218240,86 Aqr,
114164,218331,87 Aqr,
114200,218452,4 And,
114210,218470,5 And,
114222B,218658,pi B Cep,
114222A,218658,pi A Cep,
114341,218594,88 Aqr,
114365,218753,2 Cas,
114375,218640,89 Aqr,
114430,218804,6 And,
114570,219080,7 And,
114724,219215,phi Aqr,
114855,219449,psi 1 Aqr,
114939,219576,chi Aqr,
115022,219734,8 And,
115033,219688,psi 2 Aqr,
115065,219815,9 And,
115088B,219916,omicron B Cep,
115088A,219916,omicron A Cep,
115115,219832,psi 3 Aqr,
115126,219834,94 Aqr,
115142,219877,96 Aqr,
115152,219945,11 And,
115191,219981,10 And,
115280,220117,12 And,
115404A,220278,97A Aqr,
115404B,220278,97B Aqr,
115438,220321,98 Aqr,
115590,220652,4 Cas,
115669,220704,99 Aqr,
115755,220885,13 And,
116076,221345,14 And,
116118,221357,100 Aqr,
116247A,221565,101A Aqr,
116247B,221565,101B Aqr,
116354,221756,15 And,
116584,222107,lambda And,
116631,222173,iota And,
116709,222304,18 And,
116727,222404,gamma Cep,
116758,222345,omega 1 Aqr,
116805,222439,kappa And,
116889,222547,103 Aqr,
116901,222574,104 Aqr,
116971,222661,omega 2 Aqr,
117089,222847,106 Aqr,
117218A,223024,107A Aqr,
117221,223047,psi And,
117301,223165,tau Cas,
117447B,223385,6B Cas,
117447A,223385,6A Cas,
117629,223640,108 Aqr,
117863,224014,rho Cas,
118178,224481,1 Cet,
118243B,224572,sigma B Cas,
118243A,224572,sigma A Cas,
2021,2151,beta Hyi,
3781,4815,lambda Hyi,
7588,10144,alpha Eri,
7879,10859,tau 1 Hyi,
8366,11604,tau 2 Hyi,
8751,11733,eta 1 Hyi,
8928,11977,eta 2 Hyi,
8991,12363,sigma Hyi,
9007,11937,chi Eri,
9236,12311,alpha Hyi,
9440,12438,pi For,
9677,12767,nu For,
10320,13709,mu For,
10418,14141,pi 1 Hyi,
10513,14287,pi 2 Hyi,
10602,14228,phi Eri,
11001,15008,delta Hyi,
11072,14802,kappa For,
11095,15248,kappa Hyi,
11258,15233,lambda Hor,
11407,15371,kappa Eri,
11477,15427,phi For,
11757,16522,mu Hyi,
11867,15975,lambda 1 For,
11918B,16046,omega B For,
11918A,16046,omega A For,
12122,16307,iota 1 For,
12186,16417,lambda 2 For,
12225,16555,eta Hor,
12288,16538,iota 2 For,
12394,16978,epsilon Hyi,
12413,16754,sigma Eri,
12484,16920,zeta Hor,
12486,16815,iota Eri,
12653,17051,iota Hor,
12843,17206,tau 1 Eri,
12871,17504,gamma Hor,
12876,17566,zeta Hyi,
13040,17528,eta 1 For,
13141,17848,nu Hor,
13147,17652,beta For,
13197,17713,gamma 1 For,
13202,17729,gamma 2 For,
13225,17793,eta 2 For,
13244,18293,nu Hyi,
13265,17829,eta 3 For,
13288,17824,tau 2 Eri,
13473,18149,psi For,
13701,18322,eta Eri,
13782,18454,4 Eri,
13835,18535,6 Eri,
13847A,18622,theta 1 Eri,
13847B,18623,theta 2 Eri,
13884,18866,beta Hor,
13942,18692,zeta For,
13951,18633,5 Eri,
14040,18760,7 Eri,
14060,18784,rho 1 Eri,
14086,18907,epsilon For,
14131,19400,theta Hyi,
14146,18978,tau 3 Eri,
14168,18953,rho 2 Eri,
14240,19319,mu Hor,
14293,19107,rho 3 Eri,
14879B,20010,alpha B For,
14879A,20010,alpha A For,
15197,20320,zeta Eri,
15201,21024,iota Hyi,
15244,20395,14 Eri,
15382A,20610,15A Eri,
15382B,20610,15B Eri,
15474,20720,tau 4 Eri,
15987,21423,chi 1 For,
16112,21574,chi 2 For,
16156B,-,chi 3B For,
16156A,21635,chi 3A For,
16341,21790,17 Eri,
16537,22049,epsilon Eri,
16611,22203,tau 5 Eri,
16803A,22470,20A Eri,
16803B,-,20B Eri,
17007,22789,tau For,
17027,22713,21 Eri,
17167,22920,22 Eri,
17304,23227,delta For,
17378,23249,delta Eri,
17457,23363,24 Eri,
17506,23413,25 Eri,
17593,23614,pi Eri,
17618,23738,sigma For,
17651,23754,tau 6 Eri,
17678,24512,gamma Hyi,
17717,23878,tau 7 Eri,
17738,23940,rho For,
18122,24371,29 Eri,
18141,24388,30 Eri,
18216,24587,tau 8 Eri,
18255B,24554,32B Eri,
18255A,24555,32A Eri,
18543,25025,gamma Eri,
18673,25267,tau 9 Eri,
18788,25340,35 Eri,
19483,26409,37 Eri,
19515A,26612,delta A Hor,
19515B,26612,delta B Hor,
19587,26574,omicron 1 Eri,
19747,26967,alpha Hor,
19777A,26846,39A Eri,
19777B,-,39B Eri,
19849,26965,omicron 2 Eri,
19893,27290,gammaDor,
20042,27376,upsilon 4 Eri,
20507,27861,xiEri,
20535,28028,upsilon 3 Eri,
21139,28749,45 Eri,
21248,29085,upsilon 1 Eri,
21278A,29009,46A Eri,
21278B,29009,46B Eri,
21281A,29305,alpha A Dor,
21281B,29305,alpha B Dor,
21296,29064,47 Eri,
21393,29291,upsilon 2 Eri,
21444,29248,nu Eri,
21547,29391,51 Eri,
21594B,29503,53B Eri,
21594A,29503,53A Eri,
21763,29755,54 Eri,
21986B,30020,55B Eri,
21986A,30021,55A Eri,
22024,30076,56 Eri,
22040,30478,kappa Dor,
22109,30211,mu Eri,
22263,30495,58 Eri,
22325,30606,59 Eri,
22479,30814,60 Eri,
22701,31109,omega Eri,
22958,31512,62 Eri,
23221,32008,63 Eri,
23231,32045,64 Eri,
23364,32249,psi Eri,
23474,32503,1 Lep,
23685,32887,epsilon Lep,
23693,33262,zeta Dor,
23794,32964,66 Eri,
23875,33111,beta Eri,
23941,33256,68 Eri,
23972,33328,lambda Eri,
24244,33802,iota Lep,
24305,33904,mu Lep,
24327B,33949,kappa B Lep,
24327A,33949,kappa A Lep,
24372,34649,theta Dor,
24845,34816,lambda Lep,
24873,34863,nu Lep,
25202,35337,8 Lep,
25429,36189,lambda Dor,
25606,36079,beta Lep,
25853,36473,10 Lep,
25985,36673,alpha Lep,
26069,37350,beta Dor,
26865,38090,12 Lep,
-,38392,gamma B Lep,
27072,38393,gamma A Lep,
27100,39014,delta Dor,
27288,38678,zeta Lep,
27534,39844,epsilon Dor,
27654,39364,delta Lep,
28103,40136,eta Lep,
28734A,41116,1A Gem,
28734B,41116,1B Gem,
28816,41511,17 Lep,
28610,41695,theta Lep,
28909,42525,eta 1 Dor,
28969,41543,2 Gem,
29048,42042,19 Lep,
29134,43107,nu Dor,
29225A,42087,3A Gem,
29225B,42087,3B Gem,
29288A,42216,4A Gem,
29288B,42216,4B Gem,
29353,43455,eta 2 Dor,
29379,42398,5 Gem,
29450,42543,6 Gem,
29655B,42995,eta B Gem,
29655A,42995,eta A Gem,
29789,43261,8 Gem,
29840,43384,9 Gem,
29919,42973,1 Lyn,
30003,43740,10 Gem,
30046,43818,11 Gem,
30049,43836,12 Gem,
30060,43378,2 Lyn,
30272B,43812,4B Lyn,
30272A,43812,4A Lyn,
30278,43749,3 Lyn,
30321,45669,pi 1 Dor,
30343,44478,mu Gem,
30565,46116,pi 2 Dor,
30588,44974,14 Gem,
30679,44708,5 Lyn,
30756,45352,15B Gem,
30757,45352,15A Gem,
30769,45394,16 Gem,
30883,45542,nu Gem,
31039,45410,6 Lyn,
31105,46031,19 Gem,
31156,46136,20B Gem,
31158,46136,20A Gem,
31359,46101,7 Lyn,
31368,46516,22 Gem,
31525,46781,23 Gem,
31526,46318,9 Lyn,
31665,46590,11 Lyn,
31676,46480,8 Lyn,
31681,47105,gamma Gem,
31763,46635,10 Lyn,
32019,47731,25 Gem,
32104,48097,26 Gem,
32246,48329,epsilon Gem,
32249,48433,30 Gem,
32311,48450,28 Gem,
32362,48737,xi Gem,
32404,48843,32 Gem,
32438A,48250,12A Lyn,
32438B,48250,12B Lyn,
32489,48432,13 Lyn,
32753,49606,33 Gem,
32814,49738,35 Gem,
32921,49908,36 Gem,
33018,50019,theta Gem,
33048B,49618,14B Lyn,
33048A,49618,14A Lyn,
33202A,50635,38A Gem,
33202B,50635,38B Gem,
33277,50692,37 Gem,
33449,50522,15 Lyn,
33485,50973,16 Lyn,
33595,51530,39 Gem,
33650,51688,40 Gem,
33715,52005,41 Gem,
33927,52497,omega Gem,
34088,52973,zeta Gem,
34182,53257,44 Gem,
34440,54131,45 Gem,
34572,53633,17 Lyn,
34693,54719,tau Gem,
34722,54801,47 Gem,
34819,55052,48 Gem,
34861,55156,49 Gem,
34909A,55383,51A Gem,
34909B,-,51B Gem,
35025,55621,52 Gem,
35146,55280,18 Lyn,
35152,55870,53 Gem,
35350,56537,lambda Gem,
35550,56986,delta Gem,
35699,57423,56 Gem,
35726,57066,20B Lyn,
35731,57067,20A Lyn,
35783,57102,19B Lyn,
35785,57103,19A Lyn,
35787,237611,19D Lyn,
35842,57744,58 Gem,
35846,57727,57 Gem,
35941,57927,59 Gem,
36046,58207,iota Gem,
36145,58142,21 Lyn,
36156,58579,61 Gem,
36238,58728,63 Gem,
36366,58946,rho Gem,
36393,59037,64 Gem,
36429,59148,65 Gem,
36439,58855,22 Lyn,
36739,60081,67 Gem,
36760,60107,68 Gem,
--,-,alpha C Gem,
36850A,60179,alpha A Gem,
36850B,60178,alpha B Gem,
36962,60522,upsilon Gem,
37204,60986,70 Gem,
37265,61110,omicron Gem,
37300,61338,74 Gem,
37406,61106,23 Lyn,
37609,61497,24 Lyn,
37629,62044,sigma Gem,
37704,62285,76 Gem,
37740,62345,kappa Gem,
37811,62510,79 Gem,
37826,62509,beta Gem,
37908,62721,81 Gem,
38016,62898,pi Gem,
38106A,63208,82A Gem,
38106B,63208,82B Gem,
38495,64092,84 Gem,
38538,64145,phi Gem,
38623,64106,25 Lyn,
38639,64144,26 Lyn,
38722,64648,85 Gem,
39424,66216,chi Gem,
39722,66824,28 Lyn,
39847,67006,27 Lyn,
40646,68930,29 Lyn,
40875,69548,30 Lyn,
41075,70272,31 Lyn,
41211,70958,1 Hya,
41375,71297,2 Hya,
41975,72291,32 Lyn,
42090,72524,33 Lyn,
42146,72968,3 Hya,
42313,73262,delta Hya,
42402,73471,sigma Hya,
42509,73840,6 Hya,
42604,73593,34 Lyn,
42662,74137,9 Hya,
42799,74280,eta Hya,
42931,74591,10 Hya,
43067,74918,12 Hya,
43109C,74874,epsilon C Hya,
43109A,74874,epsilon A Hya,
43109B,74874,epsilon B Hya,
43234,75137,rho Hya,
43305,75333,14 Hya,
43496A,75737,15A Hya,
43496B,75737,15B Hya,
43531,75506,35 Lyn,
43813,76294,zeta Hya,
43822B,76369,17B Hya,
43822A,76370,17A Hya,
44659,77996,omega Hya,
44883B,78556,19B Hya,
44883A,78556,19A Hya,
44961,78732,20 Hya,
45184,79193,21 Hya,
45290,79158,36 Lyn,
45336,79469,theta Hya,
45526,79931,24 Hya,
45527,79910,23 Hya,
45588,80105,25 Hya,
45688B,-,38B Lyn,
45688A,80081,38A Lyn,
45751,80499,26 Hya,
45802C,80550,27C Hya,
45802B,80550,27B Hya,
45811,80586,27A Hya,
45860,80493,alpha Lyn,
46146,81146,kappa Leo,
46221,81420,28 Hya,
46365B,81728,29B Hya,
46365A,81728,29A Hya,
46390,81797,alpha Leo,
46454A,81858,omega A Leo,
46454B,81858,omega B Leo,
46457,81873,3 Leo,
46509,81997,tau 1 Hya,
46652,82087,7 LMi,
46735,82198,8 LMi,
46750,82308,lambda Leo,
46771,82395,xi Leo,
46774,82381,eta Leo,
46776,82446,tau 2 Hya,
46904,82522,9 LMi,
46952,82635,10 LMi,
46982,82870,33 Hya,
47080,82885,11 LMi,
47096,83023,7 Leo,
47189,83189,8 Leo,
47205,83240,10 Leo,
47247,83273,9 Leo,
47249,83373,34 Hya,
47266,83343,11 Leo,
47300,83287,42 Lyn,
47382,83469,12 Leo,
47427A,83650,37A Hya,
47427B,-,37B Hya,
47431,83618,iota Hya,
47452,83754,kappa Hya,
47508,83808,omicron Leo,
47550,83821,13 Leo,
47570,83805,43 Lyn,
47631,83951,13 LMi,
47723,84194,psi Leo,
47908,84441,epsilon Leo,
47959,84561,18 Leo,
48029,84722,19 Leo,
48218A,85040,20A Leo,
48218B,85040,20B Leo,
48256,85029,16 LMi,
48298,85259,21 Leo,
48324,85268,23 Leo,
48356,85444,upsilon 1 Hya,
48390,85376,22 Leo,
48428,85373,17 LMi,
48455,85503,mu Leo,
48833,86146,19 LMi,
48881,86359,26 Leo,
48883,86360,nu Leo,
49029,86663,pi Leo,
49081,86728,20 LMi,
49402,87504,upsilon 2 Hya,
49583,87737,eta Leo,
49593,87696,21 LMi,
49637,87837,31 Leo,
49669,87901,alpha Leo,
49841,88284,lambda Hya,
49850,88233,33 Leo,
49929A,88355,34A Leo,
49929B,88355,34B Leo,
50218,88786,22 LMi,
50303,88960,23 LMi,
50316,88986,24 LMi,
50319,89010,35 Leo,
50333,89056,37 Leo,
50335,89025,zeta Leo,
50384,89125,39 Leo,
50564,89449,40 Leo,
50583,89484,gamma 1 Leo,
50583,89485,gamma 2 Leo,
50755,89774,42 Leo,
50851,89962,43 Leo,
50857,89892,26 LMi,
50860,89904,27 LMi,
50935,90040,28 LMi,
51008,90254,44 Leo,
51047,90250,29 LMi,
51056,90277,30 LMi,
51069,90432,mu Hya,
51213,90569,45 Leo,
51233A,90537,beta A LMi,
51233B,90537,beta B LMi,
51420,90840,32 LMi,
51556,91130,33 LMi,
51585,91232,46 Leo,
51614,91369,43 Hya,
51624,91316,rho Leo,
51685,91365,34 LMi,
51718,91550,44 Hya,
51775,91612,48 Leo,
51802B,91636,49B Leo,
51802A,91636,49A Leo,
51905,91880,phi 2 Hya,
51914,91752,35 LMi,
52032,92000,36 LMi,
52085,92214,phi 1 Hya,
52098,92125,37 LMi,
52120,92196,50 Leo,
52139,92168,38 LMi,
52240,92371,39 LMi,
52422,92769,40 LMi,
52457,92825,41 LMi,
52638,93152,42 LMi,
52689,93291,52 Leo,
52882,93636,43 LMi,
52911,93702,53 Leo,
52943,93813,nu Hya,
52959,93765,44 LMi,
53195,94218,45 LMi,
53229,94264,46 LMi,
53355,94480,48 LMi,
53417A,94601,54A Leo,
53417B,94602,54B Leo,
53423A,94672,55A Leo,
53423B,94672,55B Leo,
53449,94705,56 Leo,
53460,94738,57 Leo,
53492,94747,50 LMi,
54182,96097,chi Leo,
54196,96094,51 LMi,
54204,96202,chi 1 Hya,
54255,96314,chi 2 Hya,
54336A,96436,65A Leo,
54336B,96436,65B Leo,
54388,96528,64 Leo,
54487,96738,67 Leo,
54515,96855,66 Leo,
54872,97603,delta Leo,
54879,97633,theta Leo,
54951,97778,72 Leo,
55084,98058,phi Leo,
55137,98118,75 Leo,
55249,98366,76 Leo,
55434,98664,sigma Leo,
55533,98824,71 Leo,
55642A,99028,iota A Leo,
55642B,99028,iota B Leo,
55650,99055,79 Leo,
55765,99285,81 Leo,
55769,99305,82 Leo,
55791,99329,80 Leo,
55846,99491,83A Leo,
55848,99492,83B Leo,
55945,99648,tau Leo,
56080,99902,85 Leo,
56127,99998,87 Leo,
56146,100006,86 Leo,
56211,100029,lambda Dra,
56242B,-,88B Leo,
56242A,100180,88A Leo,
56343,100407,xi Hya,
56445,100563,89 Leo,
56473B,100600,90B Leo,
56473A,100600,90A Leo,
56583,100696,2 Dra,
56647,100920,upsilon Leo,
56922,101431,omicron Hya,
56975,101484,92 Leo,
57111,101673,3 Dra,
57565,102509,93 Leo,
57632,102647,beta Leo,
57936B,103192,beta B Hya,
57936A,103192,beta A Hya,
60998,108907,4 Dra,
61281,109387,kappa Dra,
61384,109551,6 Dra,
62423,111335,7 Dra,
63076,112429,8 Dra,
63432,113092,9 Dra,
64166,114149,psi Hya,
64962,115659,gamma Hya,
67627,121130,10 Dra,
68269,121847,47 Hya,
68390,122066,48 Hya,
68756,123299,alpha Dra,
68895,123123,pi,
69415,124206,50 Hya,
69996,125238,iota Lup,
70306,125932,51 Hya,
70336,126035,2 Lib,
70574,126341,tau 1 Lup,
70576A,126354,tau 2A Lup,
70576B,126354,tau 2B Lup,
70753,126769,52 Hya,
71121,127381,sigma Lup,
71536,128345,rho Lup,
71860,129056,alpha Lup,
71974,129433,4 Lib,
72194,129978,5 Lib,
72197A,129926,54A Hya,
72197B,129926,54B Hya,
72323,130158,55 Hya,
72357,130259,56 Hya,
72378,130274,57 Hya,
72489B,130559,mu B Lib,
72489A,130559,mu A Lib,
72571,130694,58 Hya,
72603,130819,alpha 1 Lib,
72622,130841,alpha 2 Lib,
72631,130952,11 Lib,
72683,130807,omicron Lup,
72702,131027,10 Lib,
72929,131430,12 Lib,
72934,131530,xi 1 Lib,
73133,131918,xi 2 Lib,
73165,132052,16 Lib,
73249,132230,17 Lib,
73273,132058,beta Lup,
73284,132219,59 Hya,
73310,132345,18 Lib,
73473,132742,delta Lib,
73566,132851,60 Hya,
73714,133216,sigma Lib,
73807A,133242,pi A Lup,
73807B,133243,pi B Lup,
73945,133774,nu Lib,
73953,133800,22 Lib,
74117A,133955,lambda A Lup,
74117B,133955,lambda B Lup,
74376,134481,kappa 1 Lup,
74380,134482,kappa 2 Lup,
74392,134759,iota Lib,
74395,134505,zeta Lup,
74493,134967,25 Lib,
74500,134987,23 Lib,
74600,135230,26 Lib,
74604,135153,1 Lup,
74785,135742,beta Lib,
74857,135758,2 Lup,
74911A,135734,mu ALup,
74911B,135734,mu B Lup,
74915,135748,mu C Lup,
75110,136366,28 Lib,
75118,136407,omicron Lib,
75141,136298,delta Lup,
75181,136352,nu 2 Lup,
75177,136422,phi 1 Lup,
75206,136351,nu 1 Lup,
75264A,136504,epsilon A Lup,
75264B,136504,epsilon B Lup,
75294,136801,30 Lib,
75304,136664,phi 2 Lup,
75379,137052,epsilon Lib,
75439,136933,upsilon Lup,
75458,137759,iota Dra,
75730,137744,32 Lib,
75848,137949,33 Lib,
75944,138137,34 Lib,
76126,138485,zeta Lib,
76219,138716,37 Lib,
76259,138688,36 Lib,
76297B,138690,gamma B Lup,
76297A,138690,gamma A Lup,
76333,138905,gamma Lib,
76470,139063,upsilon Lib,
76552,139127,omega Lup,
76600,139365,tau Lib,
76628A,139446,41A Lib,
76628B,-,41B Lib,
76705,139521,psi 1 Lup,
76742,139663,42 Lib,
76880,139997,kappa Lib,
76945,140008,psi 2 Lup,
77060,140417,eta Lib,
77634,141556,chi Lup,
77760,142373,chi Her,
77811,142096,lambda Lib,
77853,142198,theta Lib,
77907,142780,2 Her,
77939A,142378,47A Lib,
77939B,142378,47B Lib,
77986,142926,4 Her,
78105,142629,xi 1 Lup,
78106,142630,xi 2 Lup,
78207,142983,48 Lib,
78384,143118,eta Lup,
78400,143333,49 Lib,
78436,143459,50 Lib,
78481,143666,5 Her,
78527,144284,theta Dra,
78592,144206,upsilon Her,
78918,144294,thetaLup,
79043,145001,kappa A Her,
79045,145000,kappa B Her,
79101,145389,phi Her,
79102,145122,8 Her,
79248,145675,14 Her,
79349,145713,10 Her,
79488,145892,9 Her,
79608,146169,12 Her,
79634,146279,13 Her,
79666,146388,16 Her,
79704,146452,15 Her,
79724,146604,17 Her,
79846,146915,18 Her,
79889,147025,19 Her,
79992,147394,tau Her,
80170,147547,gamma Her,
80331,148387,etaDra,
80351,147869,21 Her,
80460,148283,25 Her,
80463,148112,omega Her,
80648,148616,26 Her,
80650,149212,15 Dra,
80704,148783,30 Her,
80809,149081,34 Her,
80816,148856,beta Her,
80927,149141,31 Her,
81007,149121,28 Her,
81008,149161,29 Her,
81066,149420,32 Her,
81126,149630,sigma Her,
81290,150100,16 Dra,
81292A,150117,17A Dra,
81292B,150118,17B Dra,
81354,149805,33 Her,
81497,150450,42 Her,
81634,150379,36 Her,
81641,150378,37 Her,
81660,151101,18 Dra,
81693B,150680,zeta B Her,
81693A,150680,zeta A Her,
81717,150525,38 Her,
81729,150682,39 Her,
81833,150997,eta Her,
81991,151090,41 Her,
82000A,151237,46A Her,
82000B,-,46B Her,
82073,151217,43 Her,
82216,151525,45 Her,
82321A,152107,52A Her,
82321B,152107,52B Her,
82324,151937,48 Her,
82402,151956,47 Her,
82422,152173,50 Her,
82504,152326,51 Her,
82526,152308,49 Her,
82587,152598,53 Her,
82780,152863,56 Her,
82802,152879,54 Her,
82860,153597,19 Dra,
82898A,153697,20A Dra,
82898B,153697,20B Dra,
82987,153287,57 Her,
83207,153808,epsilon Her,
83313,154029,59 Her,
83462,154356,61 Her,
83608A,154906,mu A Dra,
83608B,154905,mu B Dra,
83613,154494,60 Her,
83876,155104,62 Her,
83895,155763,zeta Dra,
84054,155514,63 Her,
84345A,156014,alpha 1 Her,
84345B,156015,alpha 2 Her,
84379,156164,delta Her,
84380,156283,pi Her,
84573,156633,68 Her,
84606B,-,69B Her,
84606A,156729,69A Her,
84835,157325,74 Her,
84862,157214,72 Her,
84887,157198,70 Her,
85112B,157778,rho B Her,
85112A,157779,rho A Her,
85157,157728,73 Her,
85379,158414,77 Her,
85670,159181,beta Dra,
85693,158899,lambda Her,
85790,159139,78 Her,
85805,159966,27 Dra,
85819,159541,nu 1 Dra,
85829,159560,nu 2 Dra,
85852,160538,29 Dra,
86036B,160269,26B Dra,
86036A,160269,26A Dra,
86182,160290,82 Her,
86201,160922,omega Dra,
86254,160181,79 Her,
86414,160762,iota Her,
86614,162003,psi 1A Dra,
86620,162004,psi 1B Dra,
86667,161074,83 Her,
86731,161239,84 Her,
86974,161797,mu Her,
87194,162211,87 Her,
87212,162579,30 Dra,
87234,163989,35 Dra,
87280,162732,88 Her,
87563A,163217,90A Her,
87563B,163217,90B Her,
87585,163588,xi Dra,
87728,164613,psi 2 Dra,
87747,163506,89 Her,
87808,163770,theta Her,
87833,164058,gamma Dra,
87933,163993,xi Her,
87998A,164136,nu A Her,
87998B,-,nu B Her,
88127,166865,40 Dra,
88128,164349,93 Her,
88136,166866,41 Dra,
88267B,164668,95B Her,
88267A,164669,95A Her,
88331,164852,96 Her,
88346,164900,97 Her,
88657,165625,98 Her,
88745A,165908,99A Her,
88745B,165908,99B Her,
88794,166014,omicron Her,
88818,166045,100A Her,
88817,166046,100B Her,
88886,166182,102 Her,
88899,166230,101 Her,
89172,167006,104 Her,
89348,168151,36 Dra,
89448,168653,37 Dra,
89594,169027,38 Dra,
89773,168532,105 Her,
89826,168775,kappa Lyr,
89861,168720,106 Her,
89908A,170000,phi A Dra,
89908B,170000,phi B Dra,
89925,168913,108 Her,
89935,168914,107 Her,
89937,170153,chi Dra,
90139,169414,109 Her,
90156A,170073,39A Dra,
90156B,170073,39B Dra,
90191,169702,mu Lyr,
90344,170693,42 Dra,
90905,171635,45 Dra,
91262,172167,alpha Lyr,
91755,173524,46 Dra,
91919B,173583,epsilon 1B Lyr,
91919A,173582,epsilon 1A Lyr,
91926C,173607,epsilon 2C Lyr,
91926D,173608,epsilon 2D Lyr,
91971,173648,zeta 1 Lyr,
91973,173649,zeta 2 Lyr,
92043,173667,110 Her,
92112,175286,50 Dra,
92161,173880,111 Her,
92398,174585,nu 1 Lyr,
92405,174602,nu 2 Lyr,
92420,174638,beta Lyr,
92512,175306,omicron Dra,
92614,174933,112 Her,
92728,175426,delta 1 Lyr,
92782,176524,upsilon Dra,
92791,175588,delta 2 Lyr,
92818,175492,113 Her,
92997,176408,48 Dra,
93194,176437,gamma Lyr,
93279,176670,lambda Lyr,
93340,177249,49 Dra,
93408,177196,16 Lyr,
93713,178207,51 Dra,
93903,178475,iota Lyr,
93917,178449,17 Lyr,
94083,180777,59 Dra,
94140,179933,55 Dra,
94302,180006,53 Dra,
94311,179527,19 Lyr,
94376,180711,delta Dra,
94481,180163,eta Lyr,
94490,180610,54 Dra,
94648,181984,tau Dra,
94713,180809,theta Lyr,
95081,182564,pi Dra,
96100,185144,sigmaDra,
97433A,188119,epsilon A Dra,
97433B,188119,epsilon B Dra,
98401,190960,69 Dra,
98583,190544,64 Dra,
98647,190696,65B Dra,
98658,190713,65A Dra,
98702,190940,rho Dra,
98962,191277,66 Dra,
99500,192455,68 Dra,
100221,193964,71 Dra,
100965,196787,75 Dra,
101082,196925,74 Dra,
101160B,195325,1B Del,
101160A,195325,1A Del,
101260,196502,73 Dra,
101421,195810,epsilon Del,
101483,195943,eta Del,
101589,196180,zeta Del,
101769A,196524,beta A Del,
101769B,196524,beta B Del,
101772,196171,alpha Ind,
101800,196544,iota Del,
101882,196725,theta Del,
101916,196755,kappa Del,
101958,196867,alpha Del,
102080,197121,10 Del,
102208,199095,76 Dra,
102281,197461,delta Del,
102333,197157,eta Ind,
102531,197963,gamma 1 Del,
102532,197964,gamma 2 Del,
102633A,198069,13A Del,
102633B,198069,13B Del,
102790,198048,zeta Ind,
102805,198390,15 Del,
102819,198391,14 Del,
102950,198308,iota Ind,
103227,198700,beta Ind,
103294,199253,17 Del,
103298,199254,16 Del,
103527,199665,18 Del,
103569A,199766,epsilon A Equ,
103569B,199766,epsilon B Equ,
103813B,200256,2B Equ,
103813A,200256,2A Equ,
104031,200644,3 Equ,
104085,200365,mu Ind,
104101,200790,4 Equ,
104521B,201601,gamma B Equ,
104521A,201601,gamma A Equ,
104538,201616,6 Equ,
104858A,202275,delta A Equ,
104858B,202275,delta B Equ,
104987,202447,alpha Equ,
105319B,-,theta B Ind,
105319A,202730,theta A Ind,
105413,203291,9 Equ,
105570,203562,beta Equ,
105841,203760,gamma Ind,
106327,204783,xi Gru,
107835,207241,omicron Ind,
108085,207971,gamma Gru,
108281,208149,piInd,
108431A,208450,delta A Ind,
108431B,208450,delta B Ind,
108478,208496,kappa 1 Ind,
108870,209100,epsilon Ind,
109081,209529,kappa 2 Ind,
109111,209688,lambda Gru,
109268,209952,alpha Gru,
109908A,211088,mu 1A Gru,
109908B,-,mu 1B Gru,
109937,211388,1 Lac,
109973,211202,mu 2 Gru,
110351,212120,2 Lac,
110478,212087,pi 1 Gru,
110506,212132,pi 2 Gru,
110538,212496,beta Lac,
110609,212593,4 Lac,
110618,211998,nu Ind,
110936,212953,nu Gru,
110997,213009,delta 1 Gru,
111022,213310,5 Lac,
111043,213080,delta 2 Gru,
111104,213420,6 Lac,
111169,213558,alpha Lac,
111546,214167,8B Lac,
111544,214168,8A Lac,
111594,214085,sigma 1 Gru,
111643B,214150,sigma 2B Gru,
111643A,214150,sigma 2A Gru,
111674,214454,9 Lac,
111841,214680,10 Lac,
111944,214868,11 Lac,
112031,214993,12 Lac,
112122,214952,beta Gru,
112203,215104,rho Gru,
112242,215373,13 Lac,
112374,215369,eta Gru,
112623,215789,epsilon Gru,
112778A,216200,14A Lac,
112778B,-,14B Lac,
112917,216397,15 Lac,
113044,216435,tau 1 Gru,
113137,216437,rho Ind,
113191A,216655,tau 2A Gru,
113191B,216655,tau 2B Gru,
113190,216656,tau 2CD Gru,
113281,216916,16 Lac,
113307,216823,tau 3 Gru,
113638,217364,zeta Gru,
113957,217902,kappa Gru,
114131A,218227,theta A Gru,
114131B,218227,theta B Gru,
114132A,218242,upsilon A Gru,
114132B,218242,upsilon B Gru,
114421,218670,iota Gru,
115054,219693,phi Gru,
115713,220729,omicron Gru,
88,224834,tau Phe,
122,224889,theta Oct,
145,224926,29 Psc,
154,224935,30 Psc,
171,224930,85 Peg,
183,224990,zeta Scl,
186,224995,31 Psc,
194,225003,32 Psc,
443,28,33 Psc,
476,87,86 Peg,
729,448,87 Peg,
761B,493,kappa 1B Scl,
761A,493,kappa 1A Scl,
765,496,epsilon Phe,
813,560,34 Psc,
814,636,gamma 3Oct,
930,720,kappa 2 Scl,
950,739,theta Scl,
1067,886,gamma Peg,
1168,1013,chi Peg,
1196,1061,35A Psc,
1197,1061,35B Psc,
1319B,-,36B Psc,
1319A,1227,36A Psc,
1340,1243,37 Psc,
1392C,1317,38C Psc,
1392A,1317,38A Psc,
1392B,1317,38B Psc,
1427,1352,39 Psc,
1595,1563,40 Psc,
1599,1581,zeta Tuc,
1645,1635,41 Psc,
1647,1685,pi Tuc,
1708,1737,iota Scl,
1772,1796,42 Psc,
1948,2035,43 Psc,
2006,2114,44 Psc,
2025,2140,45 Psc,
2072,2262,kappa Phe,
2081,2261,alpha Phe,
2210,2429,eta Scl,
2213,2410,46 Psc,
2219,2411,47 Psc,
2224,2436,48 Psc,
2415,2714,49 Psc,
2472,2834,lambda 1 Phe,
2484,2884,beta 1 Tuc,
2487,2885,beta 2 Tuc,
2548,2913,51 Psc,
2568,2910,52 Psc,
2578,3003,beta 3Tuc,
2629,3112,theta Tuc,
2802,3302,lambda 2 Phe,
2903,3379,53 Psc,
3093,3651,54 Psc,
3138B,-,55B Psc,
3138A,3690,55A Psc,
3245,3919,mu Phe,
3277,3980,xi Phe,
3330,4089,rho Tuc,
3356B,4065,lambda 1B Scl,
3356A,4065,lambda 1A Scl,
3405,4150,eta Phe,
3456,4211,lambda 2 Scl,
3632,4408,57 Psc,
3675,4482,58 Psc,
3685,4490,59 Psc,
3697,4526,60 Psc,
3730,4568,61 Psc,
3760,4627,62 Psc,
3786,4656,delta Psc,
3810,4676,64 Psc,
3885B,4757,65B Psc,
3885A,4758,65A Psc,
3949,4919,rho Phe,
4084,5190,lambda 1A Tuc,
4088,5208,lambda 1B Tuc,
4267A,5267,66A Psc,
4267B,5267,66B Psc,
4293,5457,lambda 2 Tuc,
4366,5382,67 Psc,
4510,5575,68 Psc,
4577,5737,alpha Scl,
4770,6055,xi Scl,
4832,6077,70 Psc,
4852,6178,sigma Scl,
4889,6118,sigma Psc,
4906,6186,epsilon Psc,
5074,6386,73 Psc,
5081,6397,72 Psc,
5131,6456,psi 1A Psc,
5132,6457,psi 1B Psc,
5141,6479,77A Psc,
5144,6480,77B Psc,
5165,6595,beta Phe,
5175,6476,76 Psc,
5204,6557,75 Psc,
5268,6793,iota Tuc,
5300A,6767,upsilon A Phe,
5300B,6767,upsilon B Phe,
5310,6695,psi 2,
5319,6680,78 Psc,
5346,6763,80 Psc,
5348A,6882,zeta A Phe,
5348B,6882,zeta B Phe,
5454,6903,psi 3 Psc,
5544,7034,82 Psc,
5571,7087,chi Psc,
5586,7106,tau Psc,
5737,7344,zeta A Psc,
5742,7318,phi Psc,
5743,7345,zeta B Psc,
5778,7374,87 Psc,
5824,7446,88 Psc,
5842D,7693,kappa D Tuc,
5842C,7693,kappa C Tuc,
5862,7570,nuPhe,
5896B,-,kappa B Tuc,
5896A,7788,kappa A Tuc,
6061,7804,89 Psc,
6193,7964,upsilon Psc,
6315,8126,91 Psc,
6527,8442,92 Psc,
6706,8723,rho Psc,
6732,8763,94 Psc,
6815A,8875,95A Psc,
6815B,8875,95B Psc,
6867,9053,gamma Phe,
6915,9024,96 Psc,
6981,9100,97 Psc,
7007,9138,mu Psc,
7083,9362,delta Phe,
7097A,9270,eta A Psc,
7097B,9270,eta B Psc,
7364,9656,100A Psc,
7367,-,100B Psc,
7436,9766,101 Psc,
7463A,9906,tau A Scl,
7463B,9906,tau B Scl,
7535,9919,pi Psc,
7709A,10113,103A Psc,
7709B,10113,103B Psc,
7710,10135,104 Psc,
7740,10164,105 Psc,
7884,10380,nu Psc,
7948,10407,1 Tri,
7955,10537,pi Scl,
7981,10476,107 Psc,
8068,10516,phi Per,
8159,10697,109 Psc,
8198,10761,omicron Psc,
8209A,10830,epsilon A Scl,
8209B,10830,epsilon B Scl,
8704,11241,1 Per,
8714,11291,2 Per,
8796,11443,alpha Tri,
8833,11559,xi Psc,
8837,11695,psi Phe,
8882,11753,phi Phe,
9222,11949,3 Per,
9353,12235,112 Psc,
9459,12524,chi Phe,
9487B,12446,alpha B Psc,
9487A,12447,alpha A Psc,
9505,12303,4 Per,
9570,12471,epsilon Tri,
10064,13161,beta Tri,
10220,13372,5 Tri,
10227,13267,5 Per,
10280A,13480,6A Tri,
10280B,-,6B Tri,
10366,13530,6 Per,
10559,13869,7 Tri,
10644,13974,delta Tri,
10670,14055,gamma Tri,
10718,13982,8 Per,
10729,13994,7 Per,
10793,14252,10 Tri,
11060,14489,9 Per,
11279,14818,10 Per,
11432,15176,11 Tri,
11486,15257,12 Tri,
11548,15335,13 Tri,
11767,8890,alpha UMi,
11784,15656,14 Tri,
12086,16058,15A Tri,
12091,16070,15B Tri,
12623,16739,12 Per,
12692,16727,11 Per,
12768,16901,14 Per,
12777,16895,theta Per,
13254,17584,16 Per,
13268,17506,eta Per,
13328,17709,17 Per,
13490A,17904,20A Per,
13490B,17904,20B Per,
13531,17878,tau Per,
13775,18296,21 Per,
13879,18411,pi Per,
13905,18449,24 Per,
14328,18925,gamma Per,
14354,19058,rho Per,
14576,19356,beta Per,
14632,19373,iota Per,
14668,19476,kappa Per,
14817,19656,omega Per,
15330,20766,zeta 1 Ret,
15338,20315,30 Per,
15371,20807,zeta 2 Ret,
15404,20365,29 Per,
15444,20418,31 Per,
15648,20677,32 Per,
15863,20902,alpha Per,
15900,21120,omicron Tau,
16083A,21364,xi A Tau,
16083B,-,xi B Tau,
16244B,21428,34B Per,
16244A,21428,34A Per,
16245,22001,kappa Ret,
16322,21686,4 Tau,
16335,21552,sigma Per,
16369,21754,5 Tau,
16499,21770,36 Per,
16511,21933,6 Tau,
16664A,22091,7A Tau,
16664B,22091,7B Tau,
16826,22192,psi Per,
16852,22484,10 Tau,
16859,22374,9 Tau,
17103,22796,12 Tau,
17181,22805,11 Tau,
17309,23016,13 Tau,
17313,22951,40 Per,
17358,22928,delta Per,
17408,23183,14 Tau,
17440,23817,beta Ret,
17448A,23180,omicron A Per,
17448B,23180,omicron B Per,
17489,23288,16 Tau,
17499,23302,17 Tau,
17527,23324,18 Tau,
17529,23230,nu Per,
17531,23338,19 Tau,
17563,23466,29 Tau,
17573,23408,20 Tau,
17579,23432,21 Tau,
17588,23441,22 Tau,
17608,23480,23 Tau,
-,23629,24 Tau,
17702,23630,eta Tau,
17771,23793,30 Tau,
17832,23822,26 Tau,
17847,23850,27 Tau,
17851,23862,28 Tau,
17886,23848,42 Per,
18089B,24263,31B Tau,
18089A,24263,31A Tau,
18246,24398,zeta Per,
18471,24740,32 Tau,
18485,24769,33 Tau,
18532,24760,epsilon Per,
18597,25422,delta Ret,
18614,24912,xi Per,
18724,25204,lambda Tau,
18744,25705,gamma Ret,
18772,25728,iota Ret,
18907,25490,nu Tau,
18957,25558,40 Tau,
19009,25555,36 Tau,
19038,25604,37 Tau,
19076,25680,39 Tau,
19167,25642,lambda Per,
19171,25823,41 Tau,
19205,25867,psi Tau,
19302,25975,49 Per,
19335,25998,50 Per,
19343,25940,48 Per,
19388,26162,43 Tau,
19513,26322,44 Tau,
19554,26462,45 Tau,
19719,26690,46 Tau,
19740A,26722,47A Tau,
19740B,26722,47B Tau,
19780,27256,alpha Ret,
19811,26673,52 Per,
19812,26630,mu Per,
19860,26912,mu Tau,
19877,26911,48 Tau,
19921,27442,epsilon Ret,
19990,27045,omega Tau,
20020A,27657,theta A Ret,
20020B,-,theta B Ret,
20049,28525,delta Men,
20087,27176,51 Tau,
20171,27295,53 Tau,
20186,27309,56 Tau,
20205,27371,gamma Tau,
20215A,27383,55A Tau,
20215B,27383,55B Tau,
20219,27397,57 Tau,
20250,27382,phi Tau,
20252,27348,54 Per,
20261,27459,58 Tau,
20297,29116,nu Men,
20384,28093,eta Ret,
20400,27628,60 Tau,
20430,27638,chi Tau,
20455,27697,delta 1 Tau,
20484,27749,63 Tau,
20522,27820,66 Tau,
20531,-,62B Tau,
20533,27778,62A Tau,
20542,27819,delta 2 Tau,
20579,27777,55 Per,
20591A,27786,56A Per,
20591B,27786,56B Per,
20635,27934,kappa 1 Tau,
20641,27946,kappa 2 Tau,
20648A,27962,delta 3A Tau,
20648B,27962,delta 3B Tau,
20661,27991,70 Tau,
20711,28024,upsilon Tau,
20713,28052,71 Tau,
20732,28100,pi Tau,
20789,28149,72 Tau,
20873,28294,76 Tau,
20877,28292,75 Tau,
20885,28307,theta 1 Tau,
20889,28305,epsilon Tau,
20894,28319,theta 2 Tau,
20901,28355,79 Tau,
20995A,28485,80A Tau,
20995B,28485,80B Tau,
21036,28556,83 Tau,
21039,28546,81 Tau,
21082,28595,84 Tau,
21137,28677,85 Tau,
21238,28693,57B Per,
21242,28704,57A Per,
21273,28910,rho Tau,
21402,29140,88 Tau,
21421,29139,alpha Tau,
21589,29388,90 Tau,
21588,29375,89 Tau,
21673,29479,sigma 1 Tau,
21683,29488,sigma 2 Tau,
21735,29589,93 Tau,
21881,29763,tau Tau,
21914,30185,lambda Pic,
21928,29722,59 Per,
21949,30612,mu Men,
21961,29859,95 Tau,
22441,30605,96 Tau,
22449,30652,pi 3 Ori,
22509,30739,pi 2 Ori,
22531,31203,iota A Pic,
22534,31204,iota B Pic,
22549,30836,pi 4 Ori,
22565,30780,97 Tau,
22667,30959,omicron 1 Ori,
22730,31139,5 Ori,
22797,31237,pi 5 Ori,
22833,31283,6 Ori,
22845,31295,pi 1 Ori,
22871,32440,eta Men,
22957,31421,omicron 2 Ori,
23068,31553,99 Tau,
23088,31592,98 Tau,
23123,31767,pi 6Ori,
23148,34172,xi Men,
23214,31845,101 Tau,
23467,33285,beta Men,
23482,32743,eta 1 Pic,
23497,32301,iota Tau,
23607,32549,11 Ori,
23649,33042,eta 2 Pic,
23835,32923,104 Tau,
23852,33021,13 Ori,
23871,32977,106 Tau,
23879A,33054,14A Ori,
23879B,33054,14B Ori,
23883,32991,105 Tau,
23900,32990,103 Tau,
23949,33121,107 Tau,
23983,33254,16 Ori,
24010,33276,15 Ori,
24331A,33856,rho A Ori,
24331B,-,rho B Ori,
24436,34085,beta Ori,
24512,34053,108 Tau,
24555,34203,18 Ori,
24674,34503,tau Ori,
24817,34658,21 Ori,
24822,34559,109 Tau,
24829,35072,zeta Pic,
25044,35039,22 Ori,
25098,35580,kappa Pic,
25142,35149,23A Ori,
25145,35148,23B Ori,
25216,35189,110 Tau,
25247,35369,29 Ori,
25278,35296,111 Tau,
25281A,35411,eta A Ori,
25281B,35411,eta B Ori,
25282,35410,27 Ori,
25302,35439,25 Ori,
25303,35860,theta Pic,
25336,35468,gamma Ori,
25410,35532,113 Tau,
25428,35497,beta Tau,
25473B,35715,psi B Ori,
25473A,35715,psi A Ori,
25499,35671,115 Tau,
25539,35708,114 Tau,
25555,35770,116 Tau,
25583,35802,117 Tau,
25695B,35943,118B Tau,
25695A,35943,118A Tau,
25737,36167,31 Ori,
25813A,36267,32A Ori,
25813B,36267,32B Ori,
25861A,36351,33A Ori,
25861B,36351,33B Ori,
25918,37763,gamma Men,
25923,36512,upsilon Ori,
25930A,36486,delta A Ori,
25930D,36486,delta D Ori,
25945,36389,119 Tau,
26064,36576,120 Tau,
26093,36653,35 Ori,
26126,36777,38 Ori,
26176,36822,phi 1 Ori,
26207A,36861,lambda A Ori,
26207B,36862,lambda B Ori,
26220,37020,theta 1A Ori,
26220,37021,theta 1B Ori,
26221,37022,theta 1C Ori,
26224,37023,theta 1D Ori,
26235,37041,theta 2A Ori,
26237,37018,42 Ori,
26241,37043,iota Ori,
-,37042,theta 2B Ori,
26248,36819,121 Tau,
26264,38602,iota Men,
26268,37077,45 Ori,
26311,37128,epsilon Ori,
26366,37160,phi 2 Ori,
26382,37147,122 Tau,
26394,39091,pi Men,
26451,37202,zeta Tau,
26549A,37468,sigma A Ori,
26549B,37468,sigma B Ori,
26551,37468,sigma D Ori,
-,37479,sigma E Ori,
26563,37507,49 Ori,
26594,37490,omega Ori,
26640,37438,125 Tau,
26727A,37742,zeta A Ori,
26727B,37743,zeta B Ori,
26777A,37711,126A Tau,
26777B,37711,126B Tau,
26885,37984,51 Ori,
26925,37940,127 Tau,
27106,38219,128 Tau,
27265,38478,129 Tau,
27316B,-,131B Tau,
27316A,38545,131A Tau,
27321,39060,beta Pic,
27338,38558,130 Tau,
27364,38622,133 Tau,
27366,38771,kappa Ori,
27369,39810,lambda Men,
27386B,38710,52B Ori,
27386A,38710,52A Ori,
27468,38751,132 Tau,
27511,38899,134 Tau,
27530,39523,gamma Pic,
27566,40953,kappa Men,
27581,39019,135 Tau,
27658,39291,55 Ori,
27743,39317,137 Tau,
27750,39400,56 Ori,
27830,39357,136 Tau,
27913,39587,chi 1 Ori,
27965,39698,57 Ori,
27989,39801,alpha Ori,
28237,40111,139 Tau,
28271,40372,59 Ori,
28296,40446,60 Ori,
28321,40535,1 Mon,
28325,40536,2 Mon,
28455,40545,140 Tau,
28574B,40967,3B Mon,
28574A,40967,3A Mon,
28614A,40932,mu A Ori,
28614B,40932,mu B Ori,
28691,41040,64 Ori,
28716,41117,chi 2 Ori,
28812,41361,63 Ori,
28814,41380,66 Ori,
29038,41753,nu Ori,
29271,43834,alpha Men,
29276,42933,delta Pic,
29426,42560,xi Ori,
29433,42509,68 Ori,
29434,42545,69 Ori,
29650,43042,71 Ori,
29651,43232,gamma Mon,
29704,43153,72 Ori,
29736,43247,73 Ori,
29800,43386,74 Ori,
29850,43525,75 Ori,
29885,43760,6 Mon,
30073,44112,7 Mon,
30342,45229,nu Pic,
30419,44769,epsilon A Mon,
30422,44770,epsilon B Mon,
30700,45418,9 Mon,
30772,45546,10 Mon,
30867A,45725,beta A Mon,
30867B,45726,beta B Mon,
30867C,45727,beta C Mon,
31137B,46860,mu B Pic,
31137A,46860,mu A Pic,
31159,46241,12 Mon,
31216,46300,13 Mon,
31385,46642,14 Mon,
31685,47670,nu Pup,
31897,50506,zeta Men,
31978B,47839,15B Mon,
31978A,47839,15A Mon,
36463,48977,16 Mon,
32533,49161,17 Mon,
32578,49293,18 Mon,
32607,50241,alpha Pic,
32768,50310,tau Pup,
32912,51557,iota Vol,
33384,54239,theta Men,
33971,52918,19 Mon,
34473,55864,gamma 1 Vol,
34481,55865,gamma 2 Vol,
34622,54810,20 Mon,
34724,55057,21 Mon,
34769,55185,delta Mon,
34904,55533,23 Mon,
35080,56003,24 Mon,
35228,57623,delta Vol,
35264,56855,pi Pup,
36039,60816,epsilon Men,
36377,59717,sigma Pup,
37088,61064,25 Mon,
37447,61935,alpha Mon,
37504,63295,zeta Vol,
37648,62576,1 Pup,
37677,62623,3 Pup,
37842,62863,2B Pup,
37843,62864,2A Pup,
37891,62952,4 Pup,
38048B,63336,5B Pup,
38048A,63336,5A Pup,
38070,63462,omicron Pup,
38170,63700,xi Pup,
38211,63697,6 Pup,
38372,64077,8 Pup,
38382A,64096,9A Pup,
38382B,64096,9B Pup,
38427,64238,10 Pup,
38835,65228,11 Pup,
39023,65699,12 Pup,
39079,65695,27 Mon,
39211,65953,28 Mon,
39429,66811,zeta Pup,
39524,66834,14 Pup,
39757,67523,rho Pup,
39794A,68520,epsilon A Vol,
39794B,-,epsilon B Vol,
39863,67594,zeta Mon,
39906,67797,16 Pup,
-,68243,gamma 1 Vel,
39953,68273,gamma 2 Vel,
40035,68146,18 Pup,
40084,68290,19 Pup,
40259,68752,20 Pup,
40604,69665,21 Pup,
40817,71046,kappa 1 Vol,
40834,71066,kappa 2 Vol,
41003,71576,eta Vol,
41067,70673,22 Pup,
41312,71878,beta Vol,
41704,71369,omicron UMa,
42080,72037,2 UMa,
42334,73495,eta Pyx,
42425,74405,theta Vol,
42438,72905,pi 1 UMa,
42483,73898,zeta Pyx,
42515,74006,beta Pyx,
42527,73108,pi 2 UMa,
42536,74195,omicron Vel,
42828,74575,alpha Pyx,
42913B,-,delta B Vel,
42913A,74956,delta A Vel,
43409,75691,gamma Pyx,
43644,75486,5 UMa,
43825,76483,delta Pyx,
43903,75958,6 UMa,
43908,79837,zeta Oct,
44127,76644,iota UMa,
44382,78045,alpha Vol,
44390,76827,rho UMa,
44471A,77327,kappa A UMa,
44471B,77327,kappa B UMa,
44816,78647,lambda Vel,
44824,78541,kappa Pyx,
44857,77800,sigma 1 UMa,
44901,78209,15 UMa,
45001,78922,epsilon Pyx,
45038A,78154,sigma 2A UMa,
45038B,78154,sigma 2B UMa,
45075,78362,tau UMa,
45333,79028,16 UMa,
45455,79354,17 UMa,
45493,79439,18 UMa,
45812,80130,20 UMa,
45902,80874,theta Pyx,
45941,81188,kappa Vel,
46026,81169,lambda Pyx,
46239B,-,21B UMa,
46239A,81104,21A UMa,
46651A,82434,psi A Vel,
46651B,82434,psi B Vel,
46733,81937,23 UMa,
46853,82328,theta UMa,
46977,82210,24 UMa,
47006,82621,26 UMa,
47013,82189,22 UMa,
47654,83506,27 UMa,
47911,84179,28 UMa,
48087,84882,3 Sex,
48273,85217,4 Sex,
48286,85294,5 Sex,
48319,84999,upsilon UMa,
48341,85364,6 Sex,
48402A,85235,phi A UMa,
48402B,85235,phi B UMa,
48414,85504,7 Sex,
48437A,85558,gamma A Sex,
48437B,85558,gamma B Sex,
48552,85762,9 Sex,
48682,85795,31 UMa,
48774,86440,phi Vel,
48990,86611,12 Sex,
49329,87301,13 Sex,
49530,87682,14 Sex,
49641,87887,alpha Sex,
49739,88048,16 Sex,
49812B,-,17B Sex,
49812A,88195,17A Sex,
49865,88333,18 Sex,
50027,88547,19 Sex,
50100,88697,20 Sex,
50140,88764,21 Sex,
50372,89021,lambda UMa,
50414,89254,epsilon Sex,
50448,88983,32 UMa,
50684,89688,23 Sex,
50801,89758,mu UMa,
50885,90044,25 Sex,
50887,90043,24 Sex,
51117,90473,26 Sex,
51135,90485,27 Sex,
51362,90882,delta Sex,
51401,90633,35 UMa,
51437,90994,beta Sex,
51451,91011,31 Sex,
51459,90839,36 UMa,
51592,91256,32 Sex,
51814,91480,37 UMa,
52316,92588,33 Sex,
52353,92424,38 UMa,
52401A,92749,34A Sex,
52401B,-,34B Sex,
52452B,-,35B Sex,
52452A,92841,35A Sex,
52478,92728,39 UMa,
52584,93102,36 Sex,
52650,93075,40 UMa,
52685,93132,41 UMa,
52727A,93497,mu A Vel,
52727B,93497,mu B Vel,
52884,93704,39 Sex,
52913B,93742,40B Sex,
52913A,93742,40A Sex,
52980,93903,41 Sex,
53043,93859,43 UMa,
53064,93875,42 UMa,
53261,94247,44 UMa,
53295,94334,omega UMa,
53426,94600,46 UMa,
53702,96124,eta Oct,
53721,95128,47 UMa,
53838,95310,49 UMa,
53910,95418,beta UMa,
54061B,95689,alpha B UMa,
54061A,95689,alpha A UMa,
54136,95934,51 UMa,
54539,96833,psi UMa,
55203,98231,xi AUMa,
-,98230,xi BUMa,
55219,98262,nu UMa,
55266,98353,55 UMa,
55560,98839,56 UMa,
-,99787,57 UMa,
56148,99984,58 UMa,
56770,101107,59 UMa,
56779,101153,omega Vir,
56789,101133,60 UMa,
56997,101501,61 UMa,
57029,101606,62 UMa,
57328,102124,xi Vir,
57363,102249,lambda Mus,
57380,102212,nu Vir,
57399,102224,chi UMa,
57562,102510,4 Vir,
57581,102584,mu Mus,
57757,102870,beta Vir,
58001,103287,gamma UMa,
58110,103484,6 Vir,
58112,103483,65AB UMa,
58117,103498,65D UMa,
58181,103605,66 UMa,
58510,104181,7 Vir,
58590,104321,pi Vir,
58684,104513,67 UMa,
58948,104979,omicron Vir,
59285,105639,10 Vir,
59309,105702,11 Vir,
59458,106002,68 UMa,
59608,106251,12 Vir,
59774,106591,delta UMa,
59929,106849,epsilon Mus,
60030,107070,13 Vir,
60088,107161,14 Vir,
60129,107259,eta Vir,
60172,107328,16 Vir,
60212,107465,70 UMa,
60320A,107566,zeta 2A Mus,
60320C,-,zeta 2C Mus,
60329,107567,zeta 1 Mus,
60353,107705,17A Vir,
60352,-,17B Vir,
60584,108135,71 UMa,
60712,108346,72 UMa,
60795,108502,73 UMa,
60978,108844,74 UMa,
60992,108861,75 UMa,
61199,109026,gamma Mus,
61246,109217,20 Vir,
61318,109309,21 Vir,
61558,109704,25 Vir,
61585,109668,alpha Mus,
61740,110014,chi Vir,
61936,110462,76 UMa,
61937,110377,27 Vir,
61941B,110380,gamma B Vir,
61941A,110379,gamma A Vir,
61960,110411,rho Vir,
61968,110423,31 Vir,
61969,110418,28 Vir,
62267,110951,32 Vir,
62322A,110879,beta A Mus,
62322B,110879,beta B Mus,
62325,111028,33 Vir,
62394,111164,34 Vir,
62443,111239,35 Vir,
62757,111765,37 Vir,
62875,111998,38 Vir,
-,112036,39 Vir,
62933,112097,41 Vir,
62956,112185,epsilon UMa,
62985,112142,psi,
63031B,111482,iota B Oct,
63031A,111482,iota A Oct,
63090,112300,delta Vir,
63414,112846,44 Vir,
63494A,112992,46A Vir,
63494B,112992,46B Vir,
63503A,113139,78A UMa,
63503B,113139,78B UMa,
63608,113226,epsilon Vir,
63613,112985,delta Mus,
63750A,113459,48A Vir,
63750B,113459,48B Vir,
64078,114038,49 Vir,
64094B,-,theta B Mus,
64094A,113904,theta A Mus,
64224,114287,50 Vir,
64238,114330,theta Vir,
64407,114642,53 Vir,
64520A,114846,54A Vir,
64520B,-,54B Vir,
64577,114946,55 Vir,
64625,115062,56 Vir,
64661,114911,eta Mus,
64725,115202,57 Vir,
64792,115383,59 Vir,
64834,115466,58 Vir,
64852,115521,sigma Vir,
64924,115617,61 Vir,
65074,115903,62 Vir,
65241,116235,64 Vir,
65301,116292,63 Vir,
65323,116365,65 Vir,
65378A,116656,zeta A UMa,
65378B,116657,zeta B UMa,
65420,116568,66 Vir,
65468,116244,iota 1 Mus,
65474,116658,alpha Vir,
65477,116842,80 UMa,
65581,116870,68 Vir,
65628,116579,iota 2 Mus,
65639,116976,69 Vir,
65721,117176,70 Vir,
65790,117304,71 Vir,
65892,117436,72 Vir,
66006,117675,74 Vir,
66015,117661,73 Vir,
66091,117789,75 Vir,
66098,117818,76 Vir,
66131,117878,77 Vir,
66198,118214,81 UMa,
66200,118022,78 Vir,
66249,118098,zeta Vir,
66320,118219,80 Vir,
66465A,118511,81A Vir,
66465B,-,81B Vir,
66634,119024,82 UMa,
66738,119228,83 UMa,
66753,117374,kappa Oct,
66803,119149,82 Vir,
66936B,119425,84B Vir,
66936A,119425,84A Vir,
67057,119605,83 Vir,
67139,119786,85 Vir,
67172B,119853,86B Vir,
67172A,119853,86A Vir,
67231,120198,84 UMa,
67288,120052,87 Vir,
67301,120315,eta UMa,
67355,120235,88 Vir,
67494,120452,89 Vir,
67848,121409,86 UMa,
67929,121299,90 Vir,
68092,121607,92 Vir,
68520,122408,tau Vir,
68888,123177,94 Vir,
68940,123255,95 Vir,
68956,124063,3 UMi,
69112,124547,4 UMi,
69127,123630,96 Vir,
69403,124248,97 Vir,
69427,124294,kappa Vir,
69701,124850,iota Vir,
69974,125337,lambda Vir,
70012,125454,upsilon Vir,
70220,125817,103 Vir,
70638,124882,delta Oct,
70680,126722,104 Vir,
70692,127700,5 UMi,
70755A,126868,phi A Vir,
70755B,-,phi B Vir,
70794,126927,106 Vir,
71957,129502,mu Vir,
72154,129956,108 Vir,
72181,130834,6 UMi,
72220,130109,109 Vir,
72607,131873,beta UMi,
73136,133086,8 UMi,
73440,133621,9 UMi,
73540,130650,pi 1 Oct,
73620,133165,110 Vir,
73771,131246,pi 2 Oct,
73808,134584,10 UMi,
74296,131596,omega Oct,
74649A,135482,3A Ser,
74649B,-,3B Ser,
74689,135559,4 Ser,
74793,136726,11 UMi,
74806,136727,12 UMi,
74946,135382,gamma TrA,
74975,136202,5 Ser,
75097,137422,gamma UMi,
75119A,136514,6A Ser,
75119B,136514,6B Ser,
75152,137686,14 UMi,
75230,136831,7 Ser,
75342,137006,8 Ser,
75530,137471,tau 1 Ser,
75761,137898,10 Ser,
75809,139777,pi 1A UMi,
75829,139813,pi 1B UMi,
76008,139669,theta UMi,
76069,138527,tau 2 Ser,
76133,138562,11 Ser,
76276B,138917,delta B Ser,
76276A,138918,delta A Ser,
76337,139074,tau 3 Ser,
76423,139216,tau 4 Ser,
76424,139225,tau 5 Ser,
76425,139195,16 Ser,
76427,139137,14 Ser,
76440,138538,epsilon TrA,
76695A,141652,pi 2A UMi,
76695B,141652,pi 2B UMi,
76810,140027,tau 6 Ser,
76852A,140159,iota A Ser,
76852B,140159,iota B Ser,
76866,140160,chi Ser,
76878,140232,tau 7 Ser,
76996,137333,rho Oct,
77052,140538,psi Ser,
77055,142105,zeta UMi,
77070,140573,alpha Ser,
77111,140729,tau 8 Ser,
77227,140873,25 Ser,
77233,141003,beta Ser,
77249,141040,29 Ser,
77257,141004,lambda Ser,
77336,141187,upsilon Ser,
77450,141477,kappa Ser,
77516,141513,mu Ser,
77578,141680,omega Ser,
77622,141795,epsilon Ser,
77635,141637,1 Sco,
77660,141851,36 Ser,
77661,141992,rho Ser,
77801,142267,39 Ser,
77840B,142114,2B Sco,
77840A,142114,2A Sco,
77909,142301,3 Sco,
77910,142500,40 Ser,
77942,143803,17 UMi,
77952,141891,beta TrA,
77982,141767,kappa TrA,
77984,142445,4 Sco,
78072,142860,gamma Ser,
78104,142669,rho Sco,
78132,142980,phi Ser,
78265,143018,pi Sco,
78401A,143275,delta A Sco,
78401B,-,delta B Sco,
78554,143894,pi Ser,
78639,143546,eta Nor,
78662A,143474,iota 1A Nor,
78662B,143474,iota 1B Nor,
78685,144046,43 Ser,
78727,144069,xi B Sco,
-,144070,xi A Sco,
78820,144217,beta 1 Sco,
78821,144218,beta 2 Sco,
78914,144197,delta Nor,
78933,144470,omega 1 Sco,
78990,144608,omega 2 Sco,
79005B,144708,11B Sco,
79005A,144708,11A Sco,
79007,144874,45 Ser,
79047,144937,46 Ser,
79072,145002,47 Ser,
79153,144480,iota 2 Nor,
79280,146926,19 UMi,
-,145501,nu CD Sco,
79374B,145502,nu B Sco,
79374A,145502,nu A Sco,
79375,145570,psi Sco,
79387,145607,16 Sco,
79399B,145483,12B Sco,
79399A,145483,12A Sco,
79404,145482,13 Sco,
79420,147142,20 UMi,
79497,145361,zeta Nor,
79509,145397,kappa Nor,
79540,145897,chi Sco,
79593,146051,delta Oph,
79653,145842,theta Nor,
79664,145544,delta TrA,
79672,146233,18 Sco,
79790,146143,gamma 1 Nor,
79822,148048,eta UMi,
79882,146791,epsilon Oph,
79963,146667,lambda Nor,
80000,146686,gamma 2 Nor,
80079,147084,omicron Sco,
80112,147165,sigma Sco,
80179,147449,sigma Ser,
80343,147700,psi Oph,
80461B,147888,rho E Oph,
80461A,147888,rho D Oph,
80473A,147933,rho A Oph,
80473B,147934,rho B Oph,
80474,147932,rho C Oph,
80569,148184,chi Oph,
80582,147971,epsilon Nor,
80628A,148367,upsilon A Oph,
80628B,148367,upsilon B Oph,
80645,147787,iota TrA,
80686,147584,zeta TrA,
80763,148478,alpha Sco,
80815,148605,22 Sco,
80883A,148857,lambda A Oph,
80883B,148857,lambda B Oph,
80894,148786,phi Oph,
80975,148898,omega Oph,
81122,149038,mu Nor,
81252,148890,theta TrA,
81266,149438,tau Sco,
81300,149661,12 Oph,
81377,149757,zeta Oph,
81710,149671,eta TrA,
81734,150557,14 Oph,
82007,150937,15 Oph,
82037,151133,16 Oph,
82080,153751,epsilon UMi,
82140,151179,25 Sco,
82162,151431,19 Oph,
82273,150798,alpha TrA,
-,151659,18 Oph,
82369,151769,20 Oph,
82396,151680,epsilon Sco,
82480A,152127,21A Oph,
82480B,152127,21B Oph,
82514,151890,mu 1 Sco,
82545,151985,mu 2 Sco,
82671,152236,zeta 1 Sco,
82673,152614,iota Oph,
82729,152334,zeta 2 Sco,
82730,152601,23 Oph,
82758,152534,22 Oph,
82925A,152849,24A Oph,
82925B,152849,24B Oph,
82960,152820,27 Sco,
83000,153210,kappa Oph,
83196,153363,26 Oph,
83262,153687,30 Oph,
83331,153727,29 Oph,
83508,154021,28 Oph,
83566,154132,31 Oph,
84012A,155125,eta A Oph,
84012B,155125,eta B Oph,
84143,155203,eta Sco,
84177,155644,37 Oph,
84405A,155886,36A Oph,
84405B,155885,36B Oph,
84514A,156266,41A Oph,
84514B,156266,41B Oph,
84535,183030,lambda UMi,
84605A,156252,38A Oph,
84605B,-,38B Oph,
84625,156350,omicron B Oph,
84626,156349,omicron A Oph,
84880,156928,nu Ser,
84893,156897,xi Oph,
84970,157056,theta Oph,
85084,157236,43 Oph,
85340,157792,44 Oph,
85355,157999,sigma Oph,
85423,157919,45 Oph,
85696,158408,upsilon Sco,
85699,166926,24 UMi,
85703,158527,50 Oph,
85755,158643,51 Oph,
85822,166205,delta UMi,
85927,158926,lambda Sco,
85979,159466,54 Oph,
85998,159480,53 Oph,
86032,159561,alpha Oph,
86041,159610,56 Oph,
86060,159376,52 Oph,
86228B,-,theta B Sco,
86228A,159532,theta A Sco,
86263,159876,xi Ser,
86284,159975,mu Oph,
86565,160613,omicron Ser,
86670,160578,kappa Sco,
86736,160915,58 Oph,
86742,161096,beta Oph,
86831,161270,61A Oph,
86835,161289,61B Oph,
86929,160635,eta Pav,
87072,161592,3 Sgr,
87073,161471,iota 1 Sco,
87108,161868,gamma Oph,
87294,161912,iota 2 Sco,
88048,163917,nu Oph,
88116,163955,4 Sgr,
88142,164031,5 Sgr,
88149,164284,66 Oph,
88175,164259,zeta Ser,
88192,164353,67 Oph,
88258,164358,6 Sgr,
88290A,164577,68A Oph,
88290B,164577,68B Oph,
88380,164584,7 Sgr,
88404A,164765,tau A Oph,
88404B,164764,tau B Oph,
88469,164794,9 Sgr,
88601A,165341,70A Oph,
88601B,165341,70B Oph,
88635,165135,gamma Sgr,
88765,165760,71 Oph,
88771,165777,72 Oph,
88866,165040,pi Pav,
88964A,166233,73A Oph,
88964B,166233,73B Oph,
89042,165499,iota Pav,
89112,166063,epsilon Tel,
89153,166464,11 Sgr,
89276,166767,12 Sgr,
89341,166937,mu Sgr,
89369,167036,14 Sgr,
89440,167263,16 Sgr,
89439,167264,15 Sgr,
89567A,167570,17A Sgr,
89567B,-,17B Sgr,
89642,167618,eta Sgr,
89918,168656,74 Oph,
89931,168454,delta Sgr,
89962,168723,eta Ser,
90098,168339,xi Pav,
90133,167468,phi Oct,
90135,169156,zeta Sct,
90185,169022,epsilon Sgr,
90260,169233,18 Sgr,
90289B,169420,21B Sgr,
90289A,169420,21A Sgr,
90422,169467,alpha Tel,
90441B,169986,59B Ser,
90441A,169985,59A Ser,
90496,169916,lambda Sgr,
90568,169767,zeta Tel,
90595,170296,gamma Sct,
90642,170474,60 Ser,
90713,170457,23 Sgr,
90797,169978,nu Pav,
90830,170465,delta 1 Tel,
90844,170920,61 Ser,
90853,170523,delta 2 Tel,
91004,171115,24 Sgr,
91066,171237,25 Sgr,
91117,171443,alpha Sct,
91689,172546,26 Sgr,
91726,172748,delta Sct,
91792,171759,zeta Pav,
91845,173009,epsilon Sct,
92041,173300,phi Sgr,
92111,173460,28 Sgr,
92175,173764,beta Sct,
92294,173168,theta Pav,
92390,174116,29 Sgr,
92480,174309,30 Sgr,
92602,174596,31 Sgr,
92609,173948,lambda Pav,
92646,174295,kappa Tel,
92747,174947,33 Sgr,
92761,174974,nu 1 Sgr,
92824,164461,chi Oct,
92845,175190,nu 2 Sgr,
92855,175191,sigma Sgr,
92946,175638,theta 1 Ser,
92951,175639,theta 2 Ser,
93015,174694,kappa Pav,
93026,175751,eta Sct,
93051,175869,64 Ser,
93057,175687,xi 1 Sgr,
93085,175775,xi 2 Sgr,
93148,175510,lambda Tel,
93163,175329,omega Pav,
93506A,176687,zeta A Sgr,
93506B,176687,zeta B Sgr,
93683,177241,omicron Sgr,
93815,177171,rho Tel,
93864,177716,tau Sgr,
94141,178524,pi Sgr,
94620,180317,1 Sge,
94643,179950,psi Sgr,
94703,180554,1 Vul,
94724,179009,tau Pav,
94820,180540,43 Sgr,
94827A,180968,2A Vul,
94827B,180968,2B Vul,
95168,181577,rho 1 Sgr,
95176,181615,upsilon Sgr,
95188,181645,rho 2 Sgr,
95241,181454,beta 1 Sgr,
95260,182255,3 Vul,
95261,181296,eta Tel,
95294,181623,beta 2 Sgr,
95347,181869,alpha Sgr,
95398,182490,2 Sge,
95435,182571,3 Sge,
95477,182369,chi 1 Sgr,
95486,182391,48 Sgr,
95498,182762,4 Vul,
95503,182416,chi 3 Sgr,
95560,182919,5 Vul,
95564,182629,50 Sgr,
95771,183439,alpha Vul,
95785,183491,8 Vul,
95818,183537,7 Vul,
95932,183028,mu Tel,
96275,184606,9 Vul,
96341,184127,iota Tel,
96406,184552,51 Sgr,
96465,184707,52 Sgr,
96516,185194,epsilon Sge,
96729A,185404,53A Sgr,
96729B,185404,53B Sgr,
96757,185758,alpha Sge,
96808,185644,54 Sgr,
96837,185958,beta Sge,
96950,186005,55 Sgr,
97077,186486,10 Vul,
97290,186648,56 Sgr,
97365A,187076,delta A Sge,
97365B,187076,delta B Sge,
97421,186543,nu Tel,
97496A,187362,zeta A Sge,
97496B,187362,zeta B Sge,
97679,187811,12 Vul,
97783,187739,57 Sgr,
97796,188001,9 Sge,
97886B,188260,13B Vul,
97886A,188260,13A Vul,
98032,188114,iota Sgr,
98066,188376,omega Sgr,
98085,188727,10 Sge,
98162,188603,59 Sgr,
98234,189090,11 Sge,
98258,188899,61 Sgr,
98337,189319,gamma Sge,
98353,189005,60 Sgr,
98375,189410,14 Vul,
98412,189103,theta 1 Sgr,
98421,189118,theta 2 Sgr,
98438,189577,13 Sge,
98478,188584,mu 1 Pav,
98495,188228,epsilon Pav,
98543,189849,15 Vul,
98624,188887,mu 2 Pav,
98633,189741,63 Sgr,
98636A,190004,16A Vul,
98636B,190004,16B Vul,
98688,189763,62 Sgr,
98819,190406,15 Sge,
98920,190608,eta Sge,
98953,190454,65 Sgr,
99080,190993,17 Vul,
99120,190421,xi Tel,
99240,190248,delta Pav,
99351,-,theta B Sge,
99352,191570,theta A Sge,
99404,191747,18 Vul,
99518,192004,19 Vul,
99531,192044,20 Vul,
99738,192518,21 Vul,
99853,192713,22 Vul,
99874,192806,23 Vul,
99913,192836,18 Sge,
99951,192944,24 Vul,
100435,193911,25 Vul,
100469,193571,kappa 1 Sgr,
100591A,193807,kappa 2A Sgr,
100591B,193807,kappa 2B Sgr,
100751,193924,alpha Pav,
101477,195569,nu Mic,
101612,195627,psi 1 Pav,
101641,196362,26 Vul,
101716,196504,27 Vul,
101773,195961,rho Pav,
101867,196724,29 Vul,
101868,196740,28 Vul,
101983,196378,psi 2 Pav,
102125A,196067,mu 2A Oct,
102125B,-,mu 2B Oct,
102157,196519,upsilon Pav,
102162,196051,mu 1 Oct,
102388,197752,30 Vul,
102395,197051,beta Pav,
102693,197937,iota Mic,
102773,197635,sigma Pav,
102831,198232,alpha Mic,
102989,198529,beta Mic,
103004,198809,31 Vul,
103200,199169,32 Vul,
103511,199697,33 Vul,
103738,199951,gamma Mic,
103882,200163,zeta Mic,
104043,199532,alpha Oct,
104148,200718,delta Mic,
104177,200702,eta Mic,
104382,177482,sigma Oct,
104755,201371,omicron Pav,
105140,202627,epsilon Mic,
105382A,203006,theta 1A Mic,
105382B,-,theta 1B Mic,
105502,203504,1 Peg,
105696A,203585,theta 2A Mic,
105696B,203585,theta 2B Mic,
105858,203608,gamma Pav,
105966,204414,35 Vul,
106067,204394,5 PsA,
106140,204724,2 Peg,
106340,204854,6 PsA,
106654,205471,8 PsA,
106703,205529,7 PsA,
106781,205811,3B Peg,
106783,205811,3A Peg,
106787,205852,5 Peg,
106856,205924,4 Peg,
107089,205478,nu Oct,
107151,206487,7 Peg,
107315,206778,epsilon Peg,
107348,206859,9 Peg,
107354A,206901,kappa A Peg,
107354B,206901,kappa B Peg,
107380,206742,iota PsA,
107472,207089,12 Peg,
107575,207203,11 Peg,
107608,207155,theta PsA,
107763,207650,14 Peg,
107788A,207652,13A Peg,
107788B,207652,13B Peg,
107843A,206240,lambda A Oct,
107843B,206240,lambda B Oct,
107975,207978,15 Peg,
108022,208057,16 Peg,
108339,208565,17 Peg,
108571,208851,11A PsA,
108571,-,11B PsA,
108612,209008,18 Peg,
108661A,209014,eta A PsA,
108661B,209014,eta B PsA,
108693,209166,20 Peg,
108699,209167,19 Peg,
108875,209459,21 Peg,
108952,209476,13 PsA,
109056,209833,23 Peg,
109068,209747,nu Peg,
109176,210027,iota Peg,
109240,210129,25 Peg,
109285,210049,mu PsA,
109289,210066,upsilon PsA,
109352,210354,pi 1 Peg,
109410,210459,pi 2 Peg,
109422,210302,tau PsA,
109427,210418,theta Peg,
109458,210516,28 Peg,
109789,210934,lambda PsA,
110078,210853,psi Oct,
110130,211416,alpha Tuc,
110256,210967,epsilon Oct,
110298,211924,30 Peg,
110371,212097,32 Peg,
110386,212076,31 Peg,
110548A,212395,33A Peg,
110548B,212395,33B Peg,
110785,212754,34 Peg,
110838B,-,delta B Tuc,
110838A,212581,delta A Tuc,
110882,212943,35 Peg,
110986,213119,36 Peg,
111062A,213235,37A Peg,
111062B,213235,37B Peg,
111068,213323,38 Peg,
111138,213296,zeta PsA,
111188,213398,beta PsA,
111196,211539,upsilon Oct,
111278,213617,39 Peg,
111310,213442,nu Tuc,
111810,214567,40 Peg,
111884,214698,41 Peg,
111954,214748,epsilon PsA,
112029,214923,zeta Peg,
112051,214994,omicron Peg,
112102,214966,19 PsA,
112158,215182,eta Peg,
112358,215510,45 Peg,
112362,215452,20 PsA,
112405,214846,beta Oct,
112440,215665,lambda Peg,
112447,215648,xi Peg,
112533,215562,xi Tuc,
112748,216131,mu Peg,
112781,215573,xi Oct,
112862,216210,21 PsA,
112935,216385,sigma Peg,
112948B,-,gamma B PsA,
112948A,216336,gamma A PsA,
113167,216701,1 Psc,
113186,216735,rho Peg,
113246,216763,delta PsA,
113357,217014,51 Peg,
113368,216956,alpha PsA,
113503A,217232,52A Peg,
113503B,217232,52B Peg,
113521,217264,2 Psc,
113610,217428,3 Psc,
113860,217792,pi PsA,
113881,217906,beta Peg,
113889,217891,beta Psc,
113963,218045,alpha Peg,
114144,218329,55 Peg,
114155,218356,56 Peg,
114273,218527,5 Psc,
114347,218634,57 Peg,
114389,218700,58 Peg,
114520,218918,59 Peg,
114526,218935,60 Peg,
114844,219477,61 Peg,
114971,219615,gamma Psc,
114996,219571,gamma Tuc,
115102,219784,gamma Scl,
115227,220009,7 Psc,
115250,220061,tau Peg,
115271,220088,63 Peg,
115355A,220222,64A Peg,
115355B,220222,64B Peg,
115407,220318,65 Peg,
115444,220363,66 Peg,
115591,220599,67 Peg,
115623,220657,upsilon Peg,
115738,220825,kappa Psc,
115768,220858,9 Psc,
115806,220933,69 Peg,
115830,220954,theta Psc,
115836,219765,tau Oct,
115919,221115,70 Peg,
115945,221147,11 Psc,
115951,221146,12 Psc,
116146,221409,13 Psc,
116231,221507,beta Scl,
116264,221615,71 Peg,
116310A,221673,72A Peg,
116310B,221673,72B Peg,
116323,221675,14 Psc,
116355,221758,73 Peg,
116389,221760,iota Phe,
116422,221833,15 Psc,
116495,221950,16 Psc,
116592,222098,74 Peg,
116611,222133,75 Peg,
116737B,-,theta B Phe,
116737A,222287,theta A Phe,
116771,222368,iota Psc,
116820,222433,mu Scl,
116928,222603,lambda Psc,
116972,222683,76 Peg,
117020,222764,77 Peg,
117073B,222842,78B Peg,
117073A,222842,78A Peg,
117245,223075,19 Psc,
117315,223145,sigma Phe,
117375,223252,20 Psc,
117452,223352,delta Scl,
117491,223438,21 Psc,
117500,223461,79 Peg,
117628,223637,80 Peg,
117683,223719,22 Psc,
117689,223647,gamma 1 Oct,
117718,223768,phi Peg,
117730,223781,82 Peg,
117735,223792,83 Peg,
117761,223825,24 Psc,
117774,223855,25 Psc,
117927,224103,26 Psc,
118114,224362,gamma 2 Oct,
118121,224392,eta Tuc,
118131,224427,psi Peg,
118209,224533,27 Psc,
118234,224554,pi Phe,
118268,224617,omega Psc,
118322,224686,epsilon Tuc,
